"ID","Description","GeneRatio","BgRatio","RichFactor","FoldEnrichment","zScore","pvalue","p.adjust","qvalue","geneID","Count"
"GO:0000280","nuclear division","111/2174","377/14866",0.294429708222812,2.0133358060903,8.24806457608706,6.17920377972423e-14,3.19155875222756e-10,3.19155875222756e-10,"ZWILCH/DCAF13/REEP4/CDC25C/ANAPC11/P3H4/KIF18B/SPAG5/NCAPG2/CDCA8/TDRKH/ANLN/KIF15/RAD51/SGO1/KIF18A/HASPIN/CENPS/TPX2/RAD51AP1/TUBG1/NEK2/REC8/ZWINT/RAD54B/EME1/CDCA2/KIF4A/MKI67/AURKB/CENPA/KIF23/RRS1/CHMP4BP1/EPGN/UBE2C/KNL1/NCAPG/CENPK/RCC1/BRCA2/CENPF/MAD2L1/PTTG1/TRIP13/HSF2BP/EME2/CDK1/UBE2S/PKMYT1/DLGAP5/TUBB8/FANCD2/KIF2C/SMC4/PLK1/TDRD12/NDC80/MAEL/KNTC1/GEN1/CENPX/BUB1/SPC24/FBXO43/CEP85/CENPE/RMI1/SKA1/RAD21/BRDT/CHEK1/TOP2A/NCAPH/TEX14/TEX11/KIF11/SGO2/CENPI/KIF14/KIFC1/CDT1/ESPL1/BIRC5/UHRF1/KIF22/SPIRE2/MAPK15/KNSTRN/AURKA/KASH5/MISP/SKA3/RAD54L/BUB1B/SYCP2/NUF2/MYBL1/HORMAD1/CDC20/SPC25/PRC1/TTK/SYCE3/RACGAP1/TESMIN/PSRC1/BRIP1/MAJIN/CCNB1/BUB3",111
"GO:1903046","meiotic cell cycle process","57/2174","155/14866",0.367741935483871,2.51465115588925,7.84520988529336,6.11339110558766e-12,1.23535358401236e-08,1.23535358401236e-08,"DCAF13/CDC25C/P3H4/TDRKH/RAD51/SGO1/CENPS/RAD51AP1/TUBG1/REC8/ZWINT/RAD54B/EME1/KNL1/BRCA2/PTTG1/TRIP13/HSF2BP/EME2/PKMYT1/TUBB8/FANCD2/SMC4/TDRD12/NDC80/MAEL/CENPX/FBXO43/RMI1/SKA1/RAD21/BRDT/TOP2A/NCAPH/TEX14/TEX11/SGO2/CDC25A/HUS1B/ESPL1/SPIRE2/MAPK15/AURKA/KASH5/SKA3/RAD54L/SYCP2/NUF2/MYBL1/HORMAD1/CDC20/CDC25B/TTK/SYCE3/TESMIN/BRIP1/MAJIN",57
"GO:0048285","organelle fission","115/2174","423/14866",0.271867612293144,1.85905424303122,7.41838314838761,7.57447844912565e-12,1.23535358401236e-08,1.23535358401236e-08,"ZWILCH/DCAF13/REEP4/CDC25C/ANAPC11/P3H4/KIF18B/SPAG5/NCAPG2/CDCA8/TDRKH/ANLN/KIF15/RAD51/SGO1/KIF18A/HASPIN/CENPS/TPX2/RAD51AP1/TUBG1/NEK2/REC8/ZWINT/RAD54B/EME1/CDCA2/KIF4A/MKI67/AURKB/CENPA/KIF23/GDAP1/RRS1/CHMP4BP1/EPGN/UBE2C/KNL1/NCAPG/CENPK/RCC1/MTFP1/BRCA2/CENPF/MAD2L1/PTTG1/TRIP13/HSF2BP/EME2/CDK1/UBE2S/PKMYT1/DLGAP5/TUBB8/FANCD2/KIF2C/MTFR2/SMC4/PLK1/MYO19/TDRD12/NDC80/MAEL/KNTC1/GEN1/CENPX/BUB1/SPC24/FBXO43/CEP85/CENPE/RMI1/SKA1/RAD21/BRDT/CHEK1/TOP2A/NCAPH/TEX14/TEX11/KIF11/SGO2/CENPI/KIF14/KIFC1/CDT1/ESPL1/BIRC5/UHRF1/KIF22/SPIRE2/MAPK15/KNSTRN/AURKA/KASH5/MISP/SKA3/RAD54L/BUB1B/SYCP2/NUF2/MYBL1/HORMAD1/CDC20/SPC25/PRC1/TTK/SYCE3/RACGAP1/TESMIN/PSRC1/BRIP1/MAJIN/CCNB1/BUB3",115
"GO:0000075","cell cycle checkpoint signaling","64/2174","186/14866",0.344086021505376,2.35288997042269,7.68427885188258,9.56711391297084e-12,1.23535358401236e-08,1.23535358401236e-08,"ZWILCH/CDCA8/TELO2/CDC7/BLM/RAD51/HASPIN/CDC6/PARP9/ZWINT/TIMELESS/ORC1/EME1/AURKB/CDC45/KNL1/BRCA2/DONSON/E2F1/CENPF/MAD2L1/TRIP13/WDR76/EME2/CDK1/FANCD2/BARD1/DNA2/RFC2/FBXO6/PLK1/NDC80/KNTC1/GEN1/BUB1/SPC24/RFC4/SKA1/CAMSAP3/DTL/CHEK1/CLSPN/TEX14/BRCA1/MUC1/HUS1B/CDT1/BIRC5/CCND1/TICRR/SKA3/H2AX/BUB1B/BRSK1/NUF2/HORMAD1/CDC20/SPC25/DBF4/INTS7/TTK/BRIP1/CCNB1/BUB3",64
"GO:0019730","antimicrobial humoral response","48/2174","122/14866",0.39344262295082,2.6903946792948,7.75903241483111,1.76025629866764e-11,1.81834475652367e-08,1.81834475652367e-08,"CXCL10/TOR2A/IGHG1/LYZ/H2BC4/CXCL13/H2BC21/H2BC9/H2BC6/H2BC11/CCL5/WFDC3/IGHE/CCL19/H2BC7/IGHM/H2BC17/S100A7/CCL7/KRT6A/S100A9/CCL11/SLC11A1/PRTN3/FGB/CXCL9/IGHG3/CST9L/DCD/IGHG4/WFDC2/H2BC5/CCL20/CCL17/H2BC8/H2BC15/GAPDH/PGLYRP4/PRSS2/CST9/AZU1/H2BC19P/IGHG2/H2BC13/CAMP/H2BC18/CXCL11/H2BC12",48
"GO:1905818","regulation of chromosome separation","36/2174","79/14866",0.455696202531646,3.11609003994271,7.80467543452055,4.13222502007099e-11,2.96840205075533e-08,2.96840205075533e-08,"ZWILCH/ANAPC11/NCAPG2/CDCA8/HASPIN/ZWINT/AURKB/UBE2C/KNL1/NCAPG/CENPF/MAD2L1/TRIP13/DLGAP5/SMC4/PLK1/NDC80/KNTC1/GEN1/BUB1/SPC24/SKA1/RAD21/NCAPH/TEX14/ESPL1/BIRC5/MAPK15/SKA3/BUB1B/NUF2/CDC20/SPC25/TTK/CCNB1/BUB3",36
"GO:0098813","nuclear chromosome segregation","86/2174","292/14866",0.294520547945205,2.01395697596754,7.24217084178892,4.23663972834287e-11,2.96840205075533e-08,2.96840205075533e-08,"ZWILCH/DCAF13/ANAPC11/P3H4/KIF18B/SPAG5/NCAPG2/CDCA8/KIF15/SGO1/KIF18A/HASPIN/CDC6/DPF1/TPX2/TUBG1/NEK2/ZWINT/KIF4A/DSN1/AURKB/CENPA/KIF23/RRS1/CHMP4BP1/UBE2C/KNL1/NCAPG/CENPK/RCC1/CENPF/MAD2L1/PTTG1/TRIP13/CDK1/DLGAP5/TUBB8/FANCD2/KIF2C/SMC4/PLK1/NDC80/KNTC1/GEN1/BUB1/SPC24/CENPE/SKA1/RAD21/ECT2/TOP2A/NCAPH/TEX14/TEX11/KIF11/SGO2/CENPI/KIF14/KIFC1/CDT1/ESPL1/BIRC5/UHRF1/KIF22/MAPK15/KNSTRN/KASH5/MISP/SKA3/BUB1B/SYCP2/NUF2/HORMAD1/CDC20/SPC25/PRC1/TTK/SYCE3/RACGAP1/TACC3/RCC2/PSRC1/RMI2/MAJIN/CCNB1/BUB3",86
"GO:0071459","protein localization to chromosome, centromeric region","20/2174","29/14866",0.689655172413793,4.71592170795927,8.28971692540037,4.88621186513002e-11,2.96840205075533e-08,2.96840205075533e-08,"ZWILCH/H4C9/H4C12/MTBP/HASPIN/H2BC11/H4C14/AURKB/CENPA/KNL1/H4C5/CDK1/KNTC1/H4C8/H4C4/H2AC8/TTK/H4C11/RCC2/BUB3",20
"GO:0007059","chromosome segregation","106/2174","390/14866",0.271794871794872,1.85855683721369,7.11089494247346,5.1724333895059e-11,2.96840205075533e-08,2.96840205075533e-08,"ZWILCH/DCAF13/ANAPC11/P3H4/KIF18B/SPAG5/NCAPG2/CDCA8/KIF15/SGO1/KIF18A/HASPIN/CDC6/DPF1/CENPS/TPX2/CENPO/TUBG1/NEK2/REC8/ZWINT/SAC3D1/CDCA2/KIF4A/MKI67/DSN1/AURKB/CENPA/KIF23/RRS1/CHMP4BP1/UBE2C/KNL1/NCAPG/CENPK/RCC1/CENPF/MAD2L1/PTTG1/TRIP13/CDK1/CENPP/MTCL1/DLGAP5/CENPH/TUBB8/FANCD2/CENPU/KIF2C/HJURP/SMC4/PLK1/NDC80/KNTC1/GEN1/CENPX/BUB1/SPC24/CEP85/CENPE/SKA1/RAD21/ECT2/TOP2A/STIL/NCAPH/TEX14/TEX11/KIF11/SGO2/CENPI/KIF14/BRCA1/KIFC1/CDT1/ESPL1/BIRC5/UHRF1/KIF22/MAPK15/CENPN/KNSTRN/KASH5/MISP/CENPW/SKA3/BUB1B/SYCP2/NUF2/HORMAD1/CDC20/SPC25/CENPM/PRC1/CENPL/TTK/SYCE3/RACGAP1/TACC3/RCC2/GPSM2/PSRC1/RMI2/MAJIN/CCNB1/BUB3",106
"GO:0140013","meiotic nuclear division","49/2174","131/14866",0.374045801526718,2.55775753702676,7.41152595574402,9.1627994137413e-11,4.73258589719738e-08,4.73258589719738e-08,"DCAF13/P3H4/TDRKH/RAD51/SGO1/CENPS/RAD51AP1/REC8/ZWINT/RAD54B/EME1/KNL1/BRCA2/PTTG1/TRIP13/HSF2BP/EME2/TUBB8/FANCD2/SMC4/TDRD12/NDC80/MAEL/CENPX/FBXO43/RMI1/SKA1/RAD21/BRDT/TOP2A/NCAPH/TEX14/TEX11/SGO2/ESPL1/SPIRE2/MAPK15/KASH5/SKA3/RAD54L/SYCP2/NUF2/MYBL1/HORMAD1/TTK/SYCE3/TESMIN/BRIP1/MAJIN",49
"GO:0006959","humoral immune response","64/2174","198/14866",0.323232323232323,2.21029057827586,7.09551613360767,1.99014206326639e-10,9.21899289976032e-08,9.21899289976032e-08,"CXCL10/FOXJ1/PDCD1/C4B/C4A/TOR2A/CR2/IGHG1/LYZ/H2BC4/CXCL13/H2BC21/H2BC9/H2BC6/H2BC11/CCL5/WFDC3/IGHE/CCL19/H2BC7/IGHM/H2BC17/S100A7/KRT1/IFNG/CCL7/KRT6A/S100A9/CCL11/C8G/SLC11A1/GZMK/PRTN3/FGB/CXCL9/FCMR/MS4A1/IGHG3/CCR7/CST9L/DCD/IGHG4/WFDC2/H2BC5/CCL20/SUSD4/CCL17/H2BC8/TREM1/H2BC15/GAPDH/PGLYRP4/PRSS2/CST9/AZU1/H2BC19P/IGHG2/COLEC10/H2BC13/CAMP/H2BC18/CFB/CXCL11/H2BC12",64
"GO:0051321","meiotic cell cycle","71/2174","230/14866",0.308695652173913,2.11088756449742,7.02700103894772,2.14187637554935e-10,9.21899289976032e-08,9.21899289976032e-08,"DCAF13/CDC25C/ANAPC11/P3H4/TDRKH/RAD51/SGO1/CENPS/RAD51AP1/TUBG1/NEK2/REC8/ZWINT/RAD54B/EME1/CDCA2/MKI67/PSMB3/KNL1/BRCA2/EXO1/PTTG1/TRIP13/HSF2BP/EME2/TDRD1/PKMYT1/TUBB8/FANCD2/SMC4/TDRD12/NDC80/MAEL/CENPX/FBXO43/RMI1/SKA1/RAD21/BRDT/TOP2A/NCAPH/TEX14/TEX11/SGO2/CDC25A/SMC1B/HUS1B/ESPL1/SPIRE2/MAPK15/AURKA/KASH5/SKA3/ASPM/RAD54L/H2AX/XRCC2/RSPH1/SYCP2/NUF2/MYBL1/HORMAD1/CDC20/CDC25B/PRR19/TTK/SYCE3/TESMIN/BRIP1/MAJIN/BUB3",71
"GO:0002227","innate immune response in mucosa","17/2174","23/14866",0.739130434782609,5.05423783048678,8.05303322665458,2.52861038022043e-10,9.34061792285756e-08,9.34061792285756e-08,"H2BC4/H2BC21/H2BC9/H2BC6/H2BC11/H2BC7/H2BC17/H2BC5/H2BC8/H2BC15/RNASE2/BPIFB1/H2BC19P/H2BC13/CAMP/H2BC18/H2BC12",17
"GO:1901988","negative regulation of cell cycle phase transition","73/2174","240/14866",0.304166666666667,2.07991796994787,6.98040786508374,2.53182286389169e-10,9.34061792285756e-08,9.34061792285756e-08,"ZWILCH/CDCA8/TELO2/CDC7/BLM/RAD51/HASPIN/CDC6/PARP9/ZWINT/TIMELESS/ORC1/CDKN2D/EME1/AURKB/CDC45/KNL1/BRCA2/DONSON/E2F1/CENPF/MAD2L1/TRIP13/WDR76/EME2/CDK1/SUSD2/PKMYT1/INHBA/FANCD2/BARD1/DNA2/RFC2/FBXO6/PLK1/E2F7/NDC80/KNTC1/GEN1/BUB1/SPC24/RFC4/GPR132/SKA1/RAD21/CAMSAP3/DTL/CHEK1/CLSPN/TEX14/MACROH2A1/BRCA1/MUC1/HUS1B/CDT1/BIRC5/CCND1/TICRR/SKA3/H2AX/BUB1B/BRSK1/NUF2/HORMAD1/CDC20/SPC25/DBF4/INTS7/SOX2/TTK/BRIP1/CCNB1/BUB3",73
"GO:0051304","chromosome separation","36/2174","85/14866",0.423529411764706,2.89613074300557,7.25559493616895,5.23751420628594e-10,1.80345072503113e-07,1.80345072503113e-07,"ZWILCH/ANAPC11/NCAPG2/CDCA8/HASPIN/ZWINT/AURKB/UBE2C/KNL1/NCAPG/CENPF/MAD2L1/TRIP13/DLGAP5/SMC4/PLK1/NDC80/KNTC1/GEN1/BUB1/SPC24/SKA1/RAD21/NCAPH/TEX14/ESPL1/BIRC5/MAPK15/SKA3/BUB1B/NUF2/CDC20/SPC25/TTK/CCNB1/BUB3",36
"GO:0010965","regulation of mitotic sister chromatid separation","31/2174","67/14866",0.462686567164179,3.16389075780252,7.34689347966513,5.77749553347788e-10,1.86504777690083e-07,1.86504777690083e-07,"ZWILCH/ANAPC11/CDCA8/HASPIN/ZWINT/AURKB/UBE2C/KNL1/CENPF/MAD2L1/TRIP13/DLGAP5/PLK1/NDC80/KNTC1/GEN1/BUB1/SPC24/SKA1/RAD21/TEX14/ESPL1/BIRC5/SKA3/BUB1B/NUF2/CDC20/SPC25/TTK/CCNB1/BUB3",31
"GO:0000070","mitotic sister chromatid segregation","63/2174","199/14866",0.316582914572864,2.16482134684462,6.84640219203905,7.14520057687343e-10,2.17088005762066e-07,2.17088005762066e-07,"ZWILCH/ANAPC11/KIF18B/SPAG5/NCAPG2/CDCA8/KIF15/KIF18A/HASPIN/TPX2/TUBG1/ZWINT/KIF4A/AURKB/CENPA/KIF23/RRS1/CHMP4BP1/UBE2C/KNL1/NCAPG/CENPK/RCC1/CENPF/MAD2L1/TRIP13/CDK1/DLGAP5/KIF2C/SMC4/PLK1/NDC80/KNTC1/GEN1/BUB1/SPC24/CENPE/SKA1/RAD21/NCAPH/TEX14/KIF11/CENPI/KIF14/KIFC1/CDT1/ESPL1/BIRC5/UHRF1/KIF22/KNSTRN/MISP/SKA3/BUB1B/NUF2/CDC20/SPC25/PRC1/TTK/RACGAP1/PSRC1/CCNB1/BUB3",63
"GO:0051784","negative regulation of nuclear division","30/2174","65/14866",0.461538461538462,3.15603991224966,7.20966590634877,1.17798110644199e-09,3.38015134154049e-07,3.38015134154049e-07,"ZWILCH/CDCA8/HASPIN/ZWINT/AURKB/KNL1/CENPF/MAD2L1/TRIP13/PLK1/NDC80/KNTC1/GEN1/BUB1/SPC24/FBXO43/SKA1/RAD21/CHEK1/TEX14/BIRC5/SKA3/BUB1B/NUF2/HORMAD1/CDC20/SPC25/TTK/CCNB1/BUB3",30
"GO:0051306","mitotic sister chromatid separation","31/2174","69/14866",0.449275362318841,3.07218377931549,7.1402459768497,1.42829216495281e-09,3.70107343750118e-07,3.70107343750118e-07,"ZWILCH/ANAPC11/CDCA8/HASPIN/ZWINT/AURKB/UBE2C/KNL1/CENPF/MAD2L1/TRIP13/DLGAP5/PLK1/NDC80/KNTC1/GEN1/BUB1/SPC24/SKA1/RAD21/TEX14/ESPL1/BIRC5/SKA3/BUB1B/NUF2/CDC20/SPC25/TTK/CCNB1/BUB3",31
"GO:0008608","attachment of spindle microtubules to kinetochore","27/2174","55/14866",0.490909090909091,3.35687881575646,7.24725598486424,1.43313589061033e-09,3.70107343750118e-07,3.70107343750118e-07,"ZWILCH/SPAG5/CDCA8/SGO1/NEK2/DSN1/AURKB/KNL1/CDK1/KIF2C/NDC80/KNTC1/SPC24/CENPE/SKA1/ECT2/TEX14/CDT1/BIRC5/KNSTRN/SKA3/NUF2/SPC25/RACGAP1/RCC2/CCNB1/BUB3",27
"GO:0006334","nucleosome assembly","33/2174","77/14866",0.428571428571429,2.93060848994612,7.02938555717207,1.89450391278157e-09,4.6595774807223e-07,4.6595774807223e-07,"CHAF1A/H4C9/H4C12/H2BC4/H3C3/H3C2/H2BC21/H2BC9/H3C12/H2BC6/H2BC11/H4C14/H2BC7/ASF1B/CHAF1B/H4C5/H1-4/H1-5/HMGB2/H4C8/MACROH2A1/H3C8/H2BC8/H2AX/H2BC15/H4C4/ATAD2/H3C6/H3C10/H4C11/H1-2/H2BC13/H1-3",33
"GO:0010948","negative regulation of cell cycle process","78/2174","275/14866",0.283636363636364,1.93952998243707,6.50851120783501,2.32305645583819e-09,4.73438710452175e-07,4.73438710452175e-07,"ZWILCH/CDCA8/TELO2/CDC7/BLM/RAD51/HASPIN/CDC6/PARP9/NEK2/ZWINT/TIMELESS/ORC1/CDKN2D/EME1/AURKB/CDC45/KNL1/CCNF/BRCA2/DONSON/E2F1/CENPF/MAD2L1/TRIP13/WDR76/EME2/CDK1/SUSD2/PKMYT1/INHBA/FANCD2/BARD1/DNA2/RFC2/FBXO6/PLK1/E2F7/NDC80/KNTC1/GEN1/BUB1/SPC24/RFC4/FBXO43/GPR132/SKA1/RAD21/CAMSAP3/DTL/CHEK1/CLSPN/TEX14/MACROH2A1/BRCA1/MUC1/HUS1B/CDT1/ESPL1/BIRC5/CCND1/TICRR/SKA3/E2F8/H2AX/BUB1B/BRSK1/NUF2/HORMAD1/CDC20/SPC25/DBF4/INTS7/SOX2/TTK/BRIP1/CCNB1/BUB3",78
"GO:0033046","negative regulation of sister chromatid segregation","27/2174","56/14866",0.482142857142857,3.29693455118938,7.12709093079054,2.38323455406709e-09,4.73438710452175e-07,4.73438710452175e-07,"ZWILCH/CDCA8/HASPIN/ZWINT/AURKB/KNL1/CENPF/MAD2L1/TRIP13/PLK1/NDC80/KNTC1/GEN1/BUB1/SPC24/SKA1/RAD21/TEX14/BIRC5/SKA3/BUB1B/NUF2/CDC20/SPC25/TTK/CCNB1/BUB3",27
"GO:0033048","negative regulation of mitotic sister chromatid segregation","27/2174","56/14866",0.482142857142857,3.29693455118938,7.12709093079054,2.38323455406709e-09,4.73438710452175e-07,4.73438710452175e-07,"ZWILCH/CDCA8/HASPIN/ZWINT/AURKB/KNL1/CENPF/MAD2L1/TRIP13/PLK1/NDC80/KNTC1/GEN1/BUB1/SPC24/SKA1/RAD21/TEX14/BIRC5/SKA3/BUB1B/NUF2/CDC20/SPC25/TTK/CCNB1/BUB3",27
"GO:0045841","negative regulation of mitotic metaphase/anaphase transition","27/2174","56/14866",0.482142857142857,3.29693455118938,7.12709093079054,2.38323455406709e-09,4.73438710452175e-07,4.73438710452175e-07,"ZWILCH/CDCA8/HASPIN/ZWINT/AURKB/KNL1/CENPF/MAD2L1/TRIP13/PLK1/NDC80/KNTC1/GEN1/BUB1/SPC24/SKA1/RAD21/TEX14/BIRC5/SKA3/BUB1B/NUF2/CDC20/SPC25/TTK/CCNB1/BUB3",27
"GO:2000816","negative regulation of mitotic sister chromatid separation","27/2174","56/14866",0.482142857142857,3.29693455118938,7.12709093079054,2.38323455406709e-09,4.73438710452175e-07,4.73438710452175e-07,"ZWILCH/CDCA8/HASPIN/ZWINT/AURKB/KNL1/CENPF/MAD2L1/TRIP13/PLK1/NDC80/KNTC1/GEN1/BUB1/SPC24/SKA1/RAD21/TEX14/BIRC5/SKA3/BUB1B/NUF2/CDC20/SPC25/TTK/CCNB1/BUB3",27
"GO:1902100","negative regulation of metaphase/anaphase transition of cell cycle","27/2174","57/14866",0.473684210526316,3.23909359415097,7.00961239322013,3.89964590905195e-09,7.19345397151905e-07,7.19345397151905e-07,"ZWILCH/CDCA8/HASPIN/ZWINT/AURKB/KNL1/CENPF/MAD2L1/TRIP13/PLK1/NDC80/KNTC1/GEN1/BUB1/SPC24/SKA1/RAD21/TEX14/BIRC5/SKA3/BUB1B/NUF2/CDC20/SPC25/TTK/CCNB1/BUB3",27
"GO:1905819","negative regulation of chromosome separation","27/2174","57/14866",0.473684210526316,3.23909359415097,7.00961239322013,3.89964590905195e-09,7.19345397151905e-07,7.19345397151905e-07,"ZWILCH/CDCA8/HASPIN/ZWINT/AURKB/KNL1/CENPF/MAD2L1/TRIP13/PLK1/NDC80/KNTC1/GEN1/BUB1/SPC24/SKA1/RAD21/TEX14/BIRC5/SKA3/BUB1B/NUF2/CDC20/SPC25/TTK/CCNB1/BUB3",27
"GO:0061644","protein localization to CENP-A containing chromatin","10/2174","10/14866",1,6.83808647654094,7.64305127665446,4.39507571709972e-09,7.82778140648967e-07,7.82778140648967e-07,"H4C9/H4C12/H2BC11/H4C14/CENPA/H4C5/H4C8/H4C4/H2AC8/H4C11",10
"GO:0007094","mitotic spindle assembly checkpoint signaling","26/2174","54/14866",0.481481481481481,3.29241200722341,6.98441276977161,4.88738870785501e-09,7.83025617682882e-07,7.83025617682882e-07,"ZWILCH/CDCA8/HASPIN/ZWINT/AURKB/KNL1/CENPF/MAD2L1/TRIP13/PLK1/NDC80/KNTC1/GEN1/BUB1/SPC24/SKA1/TEX14/BIRC5/SKA3/BUB1B/NUF2/CDC20/SPC25/TTK/CCNB1/BUB3",26
"GO:0071173","spindle assembly checkpoint signaling","26/2174","54/14866",0.481481481481481,3.29241200722341,6.98441276977161,4.88738870785501e-09,7.83025617682882e-07,7.83025617682882e-07,"ZWILCH/CDCA8/HASPIN/ZWINT/AURKB/KNL1/CENPF/MAD2L1/TRIP13/PLK1/NDC80/KNTC1/GEN1/BUB1/SPC24/SKA1/TEX14/BIRC5/SKA3/BUB1B/NUF2/CDC20/SPC25/TTK/CCNB1/BUB3",26
"GO:0071174","mitotic spindle checkpoint signaling","26/2174","54/14866",0.481481481481481,3.29241200722341,6.98441276977161,4.88738870785501e-09,7.83025617682882e-07,7.83025617682882e-07,"ZWILCH/CDCA8/HASPIN/ZWINT/AURKB/KNL1/CENPF/MAD2L1/TRIP13/PLK1/NDC80/KNTC1/GEN1/BUB1/SPC24/SKA1/TEX14/BIRC5/SKA3/BUB1B/NUF2/CDC20/SPC25/TTK/CCNB1/BUB3",26
"GO:0061982","meiosis I cell cycle process","38/2174","99/14866",0.383838383838384,2.62472006170258,6.71269937374686,5.00287422720912e-09,7.83025617682882e-07,7.83025617682882e-07,"CDC25C/P3H4/RAD51/SGO1/CENPS/RAD51AP1/REC8/ZWINT/RAD54B/EME1/KNL1/BRCA2/PTTG1/TRIP13/HSF2BP/EME2/PKMYT1/FANCD2/NDC80/CENPX/RMI1/RAD21/BRDT/TOP2A/TEX11/SGO2/CDC25A/MAPK15/KASH5/RAD54L/SYCP2/MYBL1/HORMAD1/CDC20/CDC25B/SYCE3/BRIP1/MAJIN",38
"GO:0140014","mitotic nuclear division","76/2174","270/14866",0.281481481481481,1.92479471191523,6.34683908297366,5.38166122340935e-09,8.17537653497332e-07,8.17537653497332e-07,"ZWILCH/REEP4/CDC25C/ANAPC11/KIF18B/SPAG5/NCAPG2/CDCA8/ANLN/KIF15/KIF18A/HASPIN/TPX2/TUBG1/NEK2/ZWINT/CDCA2/KIF4A/MKI67/AURKB/CENPA/KIF23/RRS1/CHMP4BP1/EPGN/UBE2C/KNL1/NCAPG/CENPK/RCC1/CENPF/MAD2L1/TRIP13/CDK1/UBE2S/PKMYT1/DLGAP5/KIF2C/SMC4/PLK1/NDC80/KNTC1/GEN1/BUB1/SPC24/FBXO43/CEP85/CENPE/SKA1/RAD21/CHEK1/NCAPH/TEX14/KIF11/CENPI/KIF14/KIFC1/CDT1/ESPL1/BIRC5/UHRF1/KIF22/KNSTRN/AURKA/MISP/SKA3/BUB1B/NUF2/CDC20/SPC25/PRC1/TTK/RACGAP1/PSRC1/CCNB1/BUB3",76
"GO:0007093","mitotic cell cycle checkpoint signaling","47/2174","137/14866",0.343065693430657,2.34591287881331,6.54994715718362,5.94772421723443e-09,8.77714159486166e-07,8.77714159486166e-07,"ZWILCH/CDCA8/CDC7/BLM/HASPIN/CDC6/ZWINT/TIMELESS/ORC1/EME1/AURKB/KNL1/DONSON/CENPF/MAD2L1/TRIP13/EME2/CDK1/FANCD2/BARD1/PLK1/NDC80/KNTC1/GEN1/BUB1/SPC24/SKA1/DTL/CHEK1/CLSPN/TEX14/BRCA1/MUC1/HUS1B/BIRC5/CCND1/TICRR/SKA3/BUB1B/BRSK1/NUF2/CDC20/SPC25/DBF4/TTK/CCNB1/BUB3",47
"GO:0051985","negative regulation of chromosome segregation","27/2174","58/14866",0.46551724137931,3.18324715287251,6.89470821211599,6.28364873400939e-09,9.01529047532181e-07,9.01529047532181e-07,"ZWILCH/CDCA8/HASPIN/ZWINT/AURKB/KNL1/CENPF/MAD2L1/TRIP13/PLK1/NDC80/KNTC1/GEN1/BUB1/SPC24/SKA1/RAD21/TEX14/BIRC5/SKA3/BUB1B/NUF2/CDC20/SPC25/TTK/CCNB1/BUB3",27
"GO:0000819","sister chromatid segregation","69/2174","238/14866",0.289915966386555,1.9824704490812,6.3235752950346,7.2668362277476e-09,1.01441105719774e-06,1.01441105719774e-06,"ZWILCH/ANAPC11/KIF18B/SPAG5/NCAPG2/CDCA8/KIF15/KIF18A/HASPIN/CDC6/DPF1/TPX2/TUBG1/ZWINT/KIF4A/AURKB/CENPA/KIF23/RRS1/CHMP4BP1/UBE2C/KNL1/NCAPG/CENPK/RCC1/CENPF/MAD2L1/TRIP13/CDK1/DLGAP5/KIF2C/SMC4/PLK1/NDC80/KNTC1/GEN1/BUB1/SPC24/CENPE/SKA1/RAD21/TOP2A/NCAPH/TEX14/KIF11/CENPI/KIF14/KIFC1/CDT1/ESPL1/BIRC5/UHRF1/KIF22/MAPK15/KNSTRN/MISP/SKA3/BUB1B/NUF2/CDC20/SPC25/PRC1/TTK/RACGAP1/TACC3/PSRC1/RMI2/CCNB1/BUB3",69
"GO:0045839","negative regulation of mitotic nuclear division","28/2174","62/14866",0.451612903225806,3.08816808617978,6.81897275992543,7.68726133041149e-09,1.04486065188356e-06,1.04486065188356e-06,"ZWILCH/CDCA8/HASPIN/ZWINT/AURKB/KNL1/CENPF/MAD2L1/TRIP13/PLK1/NDC80/KNTC1/GEN1/BUB1/SPC24/SKA1/RAD21/CHEK1/TEX14/BIRC5/SKA3/BUB1B/NUF2/CDC20/SPC25/TTK/CCNB1/BUB3",28
"GO:0031577","spindle checkpoint signaling","26/2174","55/14866",0.472727272727273,3.23254997072844,6.86495250782638,7.98430502676406e-09,1.05740860162145e-06,1.05740860162145e-06,"ZWILCH/CDCA8/HASPIN/ZWINT/AURKB/KNL1/CENPF/MAD2L1/TRIP13/PLK1/NDC80/KNTC1/GEN1/BUB1/SPC24/SKA1/TEX14/BIRC5/SKA3/BUB1B/NUF2/CDC20/SPC25/TTK/CCNB1/BUB3",26
"GO:0051783","regulation of nuclear division","43/2174","122/14866",0.352459016393443,2.41014523353492,6.47266742532673,1.04315834918335e-08,1.346978218383e-06,1.346978218383e-06,"ZWILCH/CDC25C/ANAPC11/CDCA8/HASPIN/RAD51AP1/NEK2/ZWINT/CDCA2/MKI67/AURKB/EPGN/UBE2C/KNL1/RCC1/CENPF/MAD2L1/TRIP13/PKMYT1/DLGAP5/PLK1/NDC80/KNTC1/GEN1/BUB1/SPC24/FBXO43/SKA1/RAD21/CHEK1/TEX14/ESPL1/BIRC5/AURKA/SKA3/BUB1B/NUF2/HORMAD1/CDC20/SPC25/TTK/CCNB1/BUB3",43
"GO:0007088","regulation of mitotic nuclear division","41/2174","114/14866",0.359649122807018,2.45931180296648,6.4732482682685,1.16960302370399e-08,1.46536463597737e-06,1.46536463597737e-06,"ZWILCH/CDC25C/ANAPC11/CDCA8/HASPIN/NEK2/ZWINT/CDCA2/MKI67/AURKB/EPGN/UBE2C/KNL1/RCC1/CENPF/MAD2L1/TRIP13/PKMYT1/DLGAP5/PLK1/NDC80/KNTC1/GEN1/BUB1/SPC24/FBXO43/SKA1/RAD21/CHEK1/TEX14/ESPL1/BIRC5/AURKA/SKA3/BUB1B/NUF2/CDC20/SPC25/TTK/CCNB1/BUB3",41
"GO:0033047","regulation of mitotic sister chromatid segregation","28/2174","63/14866",0.444444444444444,3.03914954512931,6.71261403896097,1.19158402151112e-08,1.46536463597737e-06,1.46536463597737e-06,"ZWILCH/CDCA8/HASPIN/ZWINT/AURKB/KNL1/CENPF/MAD2L1/TRIP13/CDK1/PLK1/NDC80/KNTC1/GEN1/BUB1/SPC24/SKA1/RAD21/TEX14/BIRC5/SKA3/BUB1B/NUF2/CDC20/SPC25/TTK/CCNB1/BUB3",28
"GO:0051983","regulation of chromosome segregation","45/2174","133/14866",0.338345864661654,2.31363828153641,6.29800813094757,2.01833479077594e-08,2.42434864985064e-06,2.42434864985064e-06,"ZWILCH/ANAPC11/NCAPG2/CDCA8/HASPIN/CDC6/DPF1/ZWINT/AURKB/UBE2C/KNL1/NCAPG/CENPF/MAD2L1/TRIP13/CDK1/DLGAP5/KIF2C/SMC4/PLK1/NDC80/KNTC1/GEN1/BUB1/SPC24/CENPE/SKA1/RAD21/NCAPH/TEX14/ESPL1/BIRC5/MAPK15/SKA3/BUB1B/NUF2/HORMAD1/CDC20/SPC25/TTK/TACC3/RCC2/RMI2/CCNB1/BUB3",45
"GO:0050000","chromosome localization","41/2174","116/14866",0.353448275862069,2.41690987532913,6.34048393584294,2.08005220062449e-08,2.44169764005125e-06,2.44169764005125e-06,"ZWILCH/SPAG5/CDCA8/SGO1/KIF18A/NEK2/ZWINT/DSN1/AURKB/CENPA/RRS1/CHMP4BP1/KNL1/CENPF/CDK1/DLGAP5/KIF2C/NDC80/KNTC1/SPC24/CENPE/SKA1/ECT2/TEX14/KIF14/KIFC1/CDT1/BIRC5/KIF22/KNSTRN/KASH5/SKA3/NUF2/SPC25/TTK/RACGAP1/RCC2/PSRC1/MAJIN/CCNB1/BUB3",41
"GO:0051310","metaphase chromosome alignment","38/2174","104/14866",0.365384615384615,2.49853159719765,6.3468344262131,2.42627402409715e-08,2.78482340765817e-06,2.78482340765817e-06,"ZWILCH/SPAG5/CDCA8/SGO1/KIF18A/NEK2/ZWINT/DSN1/AURKB/CENPA/RRS1/CHMP4BP1/KNL1/CENPF/CDK1/KIF2C/NDC80/KNTC1/SPC24/CENPE/SKA1/ECT2/TEX14/KIF14/KIFC1/CDT1/BIRC5/KIF22/KNSTRN/SKA3/NUF2/SPC25/TTK/RACGAP1/RCC2/PSRC1/CCNB1/BUB3",38
"GO:0034728","nucleosome organization","35/2174","92/14866",0.380434782608696,2.60144594216231,6.37682273682325,2.61600383245827e-08,2.93731734666238e-06,2.93731734666238e-06,"CHAF1A/H4C9/H4C12/H2BC4/H3C3/H3C2/H2BC21/H2BC9/H3C12/H2BC6/H2BC11/H4C14/H2BC7/ASF1B/HMGA1/CHAF1B/H4C5/H1-4/H1-5/HMGB2/H4C8/MACROH2A1/H3C8/H2BC8/H2AX/H2BC15/H4C4/NFE2/ATAD2/H3C6/H3C10/H4C11/H1-2/H2BC13/H1-3",35
"GO:1901987","regulation of cell cycle phase transition","101/2174","409/14866",0.246943765281174,1.68862282183529,5.84455123456518,3.73488684583128e-08,4.10440224653586e-06,4.10440224653586e-06,"ZWILCH/CDC25C/ANAPC11/MTBP/CDCA8/ANLN/TELO2/CDC7/BLM/RAD51/HASPIN/CDC6/DPF1/PARP9/ZWINT/TIMELESS/CCNE1/ORC1/CDKN2D/EME1/CDK5/AURKB/PSMB3/CDC45/UBE2C/KNL1/BRCA2/DONSON/E2F1/CENPF/CCNE2/MAD2L1/TRIP13/WDR76/PSME2/EME2/CDK1/SUSD2/PKMYT1/INHBA/DLGAP5/RRM2/FANCD2/CDKN2A/BARD1/DNA2/RFC2/FBXO6/PLK1/E2F7/NDC80/KNTC1/GEN1/BUB1/SPC24/RFC4/PKP3/GPR132/CENPE/SKA1/RAD21/CAMSAP3/DTL/CHEK1/CLSPN/STIL/TEX14/MACROH2A1/CDC25A/KIF14/BRCA1/MUC1/HUS1B/CDT1/ESPL1/BIRC5/MAPK15/AURKA/SIX3/CCND1/TICRR/EZH2/SKA3/H2AX/BUB1B/PAGR1/BRSK1/NUF2/HORMAD1/CDC20/SPC25/DBF4/CDC25B/INTS7/SOX2/TERT/TTK/RCC2/BRIP1/CCNB1/BUB3",101
"GO:0044770","cell cycle phase transition","117/2174","494/14866",0.236842105263158,1.61954679707549,5.79597069857823,3.86060445421522e-08,4.1541712512545e-06,4.1541712512545e-06,"ZWILCH/CDC25C/ANAPC11/CCNA2/MTBP/CCNP/CDCA8/ANLN/CCNI2/TELO2/CDC7/BLM/RAD51/HASPIN/CDC6/DPF1/PARP9/CDKN3/NEK2/ZWINT/TIMELESS/CCNE1/ORC1/CDKN2D/EME1/CDK5/AURKB/FOXM1/PSMB3/CDC45/UBE2C/KNL1/RCC1/CCNF/BRCA2/DONSON/E2F1/CENPF/CCNE2/MAD2L1/TRIP13/WDR76/PSME2/EME2/CDK1/UBE2S/SUSD2/PKMYT1/INHBA/DLGAP5/RRM2/FANCD2/CDKN2A/BARD1/DNA2/RFC2/FBXO6/PLK1/E2F7/NDC80/KNTC1/GEN1/BUB1/SPC24/RFC4/PKP3/GPR132/CENPE/SKA1/RAD21/CAMSAP3/DTL/CHEK1/CLSPN/EIF4EBP1/STIL/TEX14/MACROH2A1/CDC25A/KIF14/CAMK2A/BRCA1/MUC1/HUS1B/CDT1/ESPL1/BIRC5/CCNO/CCNB2/MAPK15/MELK/AURKA/SIX3/CCND1/TICRR/EZH2/SKA3/H2AX/BUB1B/PAGR1/BRSK1/NUF2/HORMAD1/CDC20/SPC25/DBF4/BRSK2/CDC25B/INTS7/SOX2/TERT/TTK/TACC3/RCC2/BRIP1/CCNB1/BUB3",117
"GO:0090068","positive regulation of cell cycle process","62/2174","214/14866",0.289719626168224,1.98112785768943,5.98316849852288,4.27614819913861e-08,4.50740927521447e-06,4.50740927521447e-06,"CDC25C/ANAPC11/MTBP/SPAG5/NCAPG2/CDCA8/CDC7/CDC6/RAD51AP1/CCNE1/AURKB/KIF23/EPGN/UBE2C/KNL1/NCAPG/RCC1/PLK4/CCNE2/MAD2L1/CDK1/GIPC1/DLGAP5/RRM2/SMC4/PLK1/E2F7/NDC80/GEN1/BUB1/PKP3/SKA1/RAD21/ECT2/DTL/TBX20/STIL/NCAPH/MACROH2A1/LEF1/CDC25A/KIF14/ESPL1/BIRC5/MAPK15/CIT/AURKA/CCND1/EZH2/SKA3/E2F8/FEN1/PAGR1/CDC20/DBF4/PPP1R35/CDC25B/TERT/RACGAP1/RCC2/GPSM2/CCNB1",62
"GO:0002385","mucosal immune response","19/2174","35/14866",0.542857142857143,3.71210408726508,6.64817362228174,4.87022072712836e-08,5.0309380111236e-06,5.0309380111236e-06,"H2BC4/H2BC21/H2BC9/H2BC6/H2BC11/H2BC7/H2BC17/GP2/RAB17/H2BC5/H2BC8/H2BC15/RNASE2/BPIFB1/H2BC19P/H2BC13/CAMP/H2BC18/H2BC12",19
"GO:0006261","DNA-templated DNA replication","50/2174","160/14866",0.3125,2.13690202391904,5.98388095627577,6.35466732952629e-08,6.43565818764771e-06,6.4356581876477e-06,"MCM2/GINS1/TRAIP/CDC7/BLM/RAD51/CDC6/CENPS/PCNA/TIMELESS/ORC1/EME1/GINS4/MCIDAS/CDC45/BRCA2/DONSON/PARP1/EXO1/EME2/WDHD1/MCM4/POLE2/TONSL/BARD1/DNA2/RFC2/E2F7/GEN1/CENPX/LIG1/RFC4/ELOB/CAMSAP3/DTL/MCM10/BRCA1/POLQ/CDT1/TICRR/FAM111B/E2F8/POLA2/FEN1/MCM6/DBF4/TK1/POLB/ORC6/LRWD1",50
"GO:0019731","antibacterial humoral response","25/2174","57/14866",0.43859649122807,2.99916073532497,6.25848865941964,9.90137019935851e-08,9.64916548673334e-06,9.64916548673334e-06,"IGHG1/H2BC4/H2BC21/H2BC9/H2BC6/H2BC11/WFDC3/IGHE/H2BC7/IGHM/H2BC17/FGB/IGHG3/DCD/IGHG4/WFDC2/H2BC5/H2BC8/H2BC15/H2BC19P/IGHG2/H2BC13/CAMP/H2BC18/H2BC12",25
"GO:0045132","meiotic chromosome segregation","25/2174","57/14866",0.43859649122807,2.99916073532497,6.25848865941964,9.90137019935851e-08,9.64916548673334e-06,9.64916548673334e-06,"DCAF13/P3H4/SGO1/ZWINT/KNL1/PTTG1/TRIP13/TUBB8/FANCD2/SMC4/NDC80/SKA1/NCAPH/TEX11/SGO2/ESPL1/MAPK15/KASH5/SKA3/SYCP2/NUF2/HORMAD1/TTK/SYCE3/MAJIN",25
"GO:0042742","defense response to bacterium","60/2174","211/14866",0.28436018957346,1.94447956678889,5.71857837809698,1.45410501827675e-07,1.390824522111e-05,1.390824522111e-05,"ISG15/IGHG1/PGLYRP2/LYZ/IL18/OAS3/H2BC4/CXCL13/H2BC21/H2BC9/NLRP6/H2BC6/LCN2/H2BC11/OAS1/WFDC3/IGHE/SHARPIN/GBP5/H2BC7/IGHM/H2BC17/GSDMC/SLAMF8/S100A8/KRT6A/S100A9/SLC11A1/IL12B/GSDMD/FGB/ZG16B/IGHG3/NOD2/HMGB2/VGF/DCD/IGHG4/WFDC2/H2BC5/CCL20/UMOD/S100A14/H2BC8/TREM1/H2BC15/PGLYRP4/ROMO1/OAS2/AZU1/H2BC19P/IGHG2/PRB3/CHGA/H2BC13/PYCARD/CAMP/H2BC18/H2BC12/LPO",60
"GO:0033045","regulation of sister chromatid segregation","38/2174","111/14866",0.342342342342342,2.34096654151852,5.8689041845946,1.765782560421e-07,1.65823034992263e-05,1.65823034992263e-05,"ZWILCH/ANAPC11/CDCA8/HASPIN/CDC6/DPF1/ZWINT/AURKB/UBE2C/KNL1/CENPF/MAD2L1/TRIP13/CDK1/DLGAP5/PLK1/NDC80/KNTC1/GEN1/BUB1/SPC24/CENPE/SKA1/RAD21/TEX14/ESPL1/BIRC5/MAPK15/SKA3/BUB1B/NUF2/CDC20/SPC25/TTK/TACC3/RMI2/CCNB1/BUB3",38
"GO:0051383","kinetochore organization","17/2174","31/14866",0.548387096774194,3.74991839036116,6.34313671493889,2.05156401303167e-07,1.86029997314824e-05,1.86029997314823e-05,"CENPO/CENPA/CENPK/CENPF/CENPP/DLGAP5/CENPH/HJURP/KNTC1/CENPX/CENPE/CENPI/OIP5/MIS18A/CENPN/CENPW/NUF2",17
"GO:0044784","metaphase/anaphase transition of cell cycle","36/2174","103/14866",0.349514563106796,2.3900108073347,5.85863813685746,2.0529931939874e-07,1.86029997314824e-05,1.86029997314823e-05,"ZWILCH/ANAPC11/CDCA8/HASPIN/CDC6/DPF1/ZWINT/AURKB/UBE2C/KNL1/CENPF/MAD2L1/TRIP13/DLGAP5/PLK1/NDC80/KNTC1/GEN1/BUB1/SPC24/CENPE/SKA1/RAD21/TEX14/ESPL1/BIRC5/MAPK15/SKA3/BUB1B/NUF2/CDC20/SPC25/TTK/TACC3/CCNB1/BUB3",36
"GO:1902099","regulation of metaphase/anaphase transition of cell cycle","35/2174","99/14866",0.353535353535354,2.41750531998922,5.85657018588371,2.1926059067436e-07,1.95255336350529e-05,1.95255336350529e-05,"ZWILCH/ANAPC11/CDCA8/HASPIN/CDC6/DPF1/ZWINT/AURKB/UBE2C/KNL1/CENPF/MAD2L1/TRIP13/DLGAP5/PLK1/NDC80/KNTC1/GEN1/BUB1/SPC24/CENPE/SKA1/RAD21/TEX14/ESPL1/BIRC5/MAPK15/SKA3/BUB1B/NUF2/CDC20/SPC25/TTK/CCNB1/BUB3",35
"GO:0045653","negative regulation of megakaryocyte differentiation","9/2174","10/14866",0.9,6.15427782888684,6.74782908725369,2.62050045700608e-07,2.2940482814299e-05,2.2940482814299e-05,"H4C9/H4C12/H4C14/CIB1/H4C5/H4C8/MYB/H4C4/H4C11",9
"GO:0002251","organ or tissue specific immune response","19/2174","38/14866",0.5,3.41904323827047,6.17932924296004,2.72533293265528e-07,2.34605743286075e-05,2.34605743286075e-05,"H2BC4/H2BC21/H2BC9/H2BC6/H2BC11/H2BC7/H2BC17/GP2/RAB17/H2BC5/H2BC8/H2BC15/RNASE2/BPIFB1/H2BC19P/H2BC13/CAMP/H2BC18/H2BC12",19
"GO:0045786","negative regulation of cell cycle","85/2174","342/14866",0.248538011695906,1.69952441668415,5.41651569427836,3.32897524358318e-07,2.81871428411592e-05,2.81871428411592e-05,"ZWILCH/SCRIB/CDCA8/TELO2/CDC7/BLM/RAD51/HASPIN/BRINP3/CDC6/GATA3/PARP9/NEK2/ZWINT/TIMELESS/ORC1/CDKN2D/EME1/AURKB/CDC45/KNL1/CCNF/BRCA2/DONSON/E2F1/CENPF/MAD2L1/TRIP13/WDR76/EME2/CDK1/SUSD2/PKMYT1/INHBA/FANCD2/CDKN2A/BARD1/DNA2/RFC2/FBXO6/PLK1/E2F7/NDC80/KNTC1/GEN1/BUB1/SPC24/RFC4/FBXO43/GPR132/SKA1/RAD21/CAMSAP3/DTL/CHEK1/CLSPN/TEX14/MACROH2A1/BRCA1/MUC1/HUS1B/CDT1/ESPL1/BIRC5/CCND1/TICRR/SKA3/E2F8/H2AX/BUB1B/BRSK1/NUF2/HORMAD1/CDC20/SPC25/NUPR2/DBF4/INHA/INTS7/SOX2/TTK/BRIP1/CCNB1/BRINP2/BUB3",85
"GO:0007127","meiosis I","32/2174","88/14866",0.363636363636364,2.48657690056034,5.78852722255845,3.44403877553555e-07,2.86910649607115e-05,2.86910649607115e-05,"P3H4/RAD51/SGO1/CENPS/RAD51AP1/REC8/ZWINT/RAD54B/EME1/KNL1/BRCA2/PTTG1/TRIP13/HSF2BP/EME2/FANCD2/NDC80/CENPX/RMI1/RAD21/BRDT/TOP2A/TEX11/SGO2/KASH5/RAD54L/SYCP2/MYBL1/HORMAD1/SYCE3/BRIP1/MAJIN",32
"GO:0007091","metaphase/anaphase transition of mitotic cell cycle","35/2174","101/14866",0.346534653465347,2.36963392751419,5.71604529610248,3.82447715993828e-07,3.13546421128274e-05,3.13546421128274e-05,"ZWILCH/ANAPC11/CDCA8/HASPIN/CDC6/DPF1/ZWINT/AURKB/UBE2C/KNL1/CENPF/MAD2L1/TRIP13/DLGAP5/PLK1/NDC80/KNTC1/GEN1/BUB1/SPC24/CENPE/SKA1/RAD21/TEX14/ESPL1/BIRC5/SKA3/BUB1B/NUF2/CDC20/SPC25/TTK/TACC3/CCNB1/BUB3",35
"GO:0030071","regulation of mitotic metaphase/anaphase transition","34/2174","97/14866",0.350515463917526,2.39685505363291,5.7122717528409,4.10648962457941e-07,3.31406545483635e-05,3.31406545483635e-05,"ZWILCH/ANAPC11/CDCA8/HASPIN/CDC6/DPF1/ZWINT/AURKB/UBE2C/KNL1/CENPF/MAD2L1/TRIP13/DLGAP5/PLK1/NDC80/KNTC1/GEN1/BUB1/SPC24/CENPE/SKA1/RAD21/TEX14/ESPL1/BIRC5/SKA3/BUB1B/NUF2/CDC20/SPC25/TTK/CCNB1/BUB3",34
"GO:0023061","signal release","90/2174","370/14866",0.243243243243243,1.66331833213158,5.34744057272861,4.21244617607909e-07,3.34727453837669e-05,3.34727453837669e-05,"AGT/SYN1/ABAT/SCRIB/ALDOA/PTPRN2/PLA2G3/TOR2A/SNPH/SYT13/ABCA12/BAIAP3/UNC13A/KISS1/SLC30A8/CSPG5/SYNGR3/CCL5/SPP1/RIMS4/SLC25A22/FOXD1/DOC2A/CDK5/NKX6-1/ADAM8/SYT5/STXBP2/SLC4A8/ILDR1/PLA2G10/IFNG/RIMS1/CHRNB4/SLC6A4/KCNK9/OSM/BLK/ADORA2A/NMU/INHBA/GRM4/TACR3/SCT/PPFIA3/SYP/SYT9/RAB11FIP1/FGB/PASK/GDF9/PTPRN/RETN/CACNA1B/SYT1/IL11/TRPA1/UQCC2/CACNG4/GPR158/GDNF/FGG/CAMK2A/KCNJ11/WNK4/VAMP8/PNOC/SYT7/KISS1R/GHRH/OPRK1/UCN/CHRNA6/MYB/BRSK1/CADPS/BMP8A/BRSK2/INHA/GAL/RIMS2/SLC44A4/CHGA/TFR2/SOX11/KMO/STX1A/PRRT2/RAB3A/CAMP",90
"GO:0000076","DNA replication checkpoint signaling","15/2174","26/14866",0.576923076923077,3.94504989031208,6.22027484764096,4.44884413604089e-07,3.48155757009866e-05,3.48155757009866e-05,"CDC7/CDC6/TIMELESS/ORC1/CDC45/DONSON/DNA2/RFC2/RFC4/CAMSAP3/CLSPN/HUS1B/CDT1/TICRR/DBF4",15
"GO:0044786","cell cycle DNA replication","19/2174","39/14866",0.487179487179487,3.3313754629302,6.03344108056693,4.58707835480269e-07,3.51692030126802e-05,3.51692030126802e-05,"MCM2/GINS1/CDC7/BLM/RAD51/PCNA/CDC45/BRCA2/DONSON/MCM4/DNA2/E2F7/LIG1/CDT1/E2F8/FEN1/MCM6/DBF4/TK1",19
"GO:0061844","antimicrobial humoral immune response mediated by antimicrobial peptide","32/2174","89/14866",0.359550561797753,2.45863783426191,5.71210965182884,4.63021453022701e-07,3.51692030126802e-05,3.51692030126802e-05,"CXCL10/TOR2A/H2BC4/CXCL13/H2BC21/H2BC9/H2BC6/H2BC11/CCL5/CCL19/H2BC7/H2BC17/S100A7/CCL7/KRT6A/S100A9/CCL11/CXCL9/DCD/H2BC5/CCL20/CCL17/H2BC8/H2BC15/GAPDH/PGLYRP4/H2BC19P/H2BC13/CAMP/H2BC18/CXCL11/H2BC12",32
"GO:0051382","kinetochore assembly","16/2174","30/14866",0.533333333333333,3.64697945415517,6.00620263654348,7.80183073895946e-07,5.75663653810366e-05,5.75663653810366e-05,"CENPO/CENPA/CENPK/CENPF/CENPP/DLGAP5/CENPH/HJURP/KNTC1/CENPX/CENPE/CENPI/OIP5/MIS18A/CENPN/CENPW",16
"GO:1905820","positive regulation of chromosome separation","16/2174","30/14866",0.533333333333333,3.64697945415517,6.00620263654348,7.80183073895946e-07,5.75663653810366e-05,5.75663653810366e-05,"ANAPC11/NCAPG2/CDCA8/AURKB/UBE2C/NCAPG/DLGAP5/SMC4/PLK1/SKA1/NCAPH/ESPL1/BIRC5/MAPK15/SKA3/CDC20",16
"GO:0044771","meiotic cell cycle phase transition","10/2174","13/14866",0.769230769230769,5.26006652041611,6.35957599197808,8.21295478000107e-07,5.97463541390219e-05,5.97463541390219e-05,"CDC25C/ZWINT/KNL1/PKMYT1/NDC80/CDC25A/MAPK15/CDC20/CDC25B/TTK",10
"GO:1901991","negative regulation of mitotic cell cycle phase transition","49/2174","168/14866",0.291666666666667,1.99444188899111,5.36478255825968,8.73611492530206e-07,6.26694910960904e-05,6.26694910960904e-05,"ZWILCH/CDCA8/CDC7/BLM/HASPIN/CDC6/ZWINT/ORC1/CDKN2D/AURKB/KNL1/DONSON/CENPF/MAD2L1/TRIP13/CDK1/PKMYT1/INHBA/BARD1/PLK1/E2F7/NDC80/KNTC1/GEN1/BUB1/SPC24/GPR132/SKA1/RAD21/DTL/CHEK1/CLSPN/TEX14/BRCA1/MUC1/HUS1B/BIRC5/CCND1/TICRR/SKA3/BUB1B/BRSK1/NUF2/CDC20/SPC25/DBF4/TTK/CCNB1/BUB3",49
"GO:1902969","mitotic DNA replication","11/2174","16/14866",0.6875,4.70118445262189,6.13034178776197,1.36838224827586e-06,9.68177303060936e-05,9.68177303060936e-05,"MCM2/GINS1/RAD51/PCNA/CDC45/BRCA2/MCM4/LIG1/CDT1/MCM6/TK1",11
"GO:0045787","positive regulation of cell cycle","69/2174","270/14866",0.255555555555556,1.74751098844935,5.13014606951765,1.4487160176208e-06,0.000101116462581235,0.000101116462581235,"RARA/CDC25C/ANAPC11/MTBP/SPAG5/NCAPG2/CDCA8/FOXA1/CDC7/CDC6/PTK6/RAD51AP1/CCNE1/AURKB/KIF23/EPGN/UBE2C/KNL1/NCAPG/RCC1/CALR/PLK4/CCNE2/SLC6A4/MAD2L1/CDK1/GIPC1/DLGAP5/RRM2/SMC4/PLK1/E2F7/NDC80/GEN1/BUB1/PKP3/SKA1/RAD21/ECT2/DTL/CHEK1/TBX20/EIF4EBP1/STIL/NCAPH/MACROH2A1/LEF1/CDC25A/KIF14/ESPL1/BIRC5/MAPK15/CIT/AURKA/CCND1/EZH2/SKA3/E2F8/FEN1/PAGR1/CDC20/DBF4/PPP1R35/CDC25B/TERT/RACGAP1/RCC2/GPSM2/CCNB1",69
"GO:0006260","DNA replication","73/2174","292/14866",0.25,1.70952161913523,5.06774636745985,1.75761252526375e-06,0.000121040915906497,0.000121040915906497,"CHAF1A/PCLAF/MCM2/CCNA2/RECQL4/GINS1/TRAIP/ESCO2/CDC7/BLM/RAD51/CDC6/CENPS/PTK6/PCNA/TIMELESS/S100A11/ORC1/EME1/GINS4/MCIDAS/CDC45/DSCC1/BRCA2/DONSON/PARP1/TFPT/CHAF1B/EXO1/TYMS/EME2/CDK1/WDHD1/MCM4/POLE2/TONSL/BARD1/DNA2/RFC2/E2F7/RUVBL1/GEN1/CENPX/KCTD13/LIG1/RFC4/RMI1/ELOB/CAMSAP3/PARP10/DTL/CHEK1/CHTF18/CDC25A/MCM10/BRCA1/POLQ/CDT1/TICRR/UCN/FAM111B/E2F8/POLA2/FEN1/GINS2/MCM6/DBF4/TK1/PTMS/POLB/ORC6/RMI2/LRWD1",73
"GO:0033260","nuclear DNA replication","17/2174","35/14866",0.485714285714286,3.3213562886056,5.69033457022963,1.95484009106744e-06,0.000132851961452149,0.000132851961452149,"MCM2/GINS1/CDC7/BLM/RAD51/PCNA/CDC45/BRCA2/DONSON/MCM4/DNA2/LIG1/CDT1/FEN1/MCM6/DBF4/TK1",17
"GO:0031570","DNA integrity checkpoint signaling","38/2174","121/14866",0.31404958677686,2.14749823230211,5.24529015095866,2.04685878064537e-06,0.000137299033792641,0.000137299033792641,"TELO2/CDC7/BLM/RAD51/CDC6/PARP9/TIMELESS/ORC1/EME1/CDC45/BRCA2/DONSON/E2F1/WDR76/EME2/CDK1/FANCD2/BARD1/DNA2/RFC2/FBXO6/PLK1/RFC4/CAMSAP3/DTL/CHEK1/CLSPN/BRCA1/MUC1/HUS1B/CDT1/CCND1/TICRR/H2AX/BRSK1/DBF4/INTS7/BRIP1",38
"GO:0051988","regulation of attachment of spindle microtubules to kinetochore","13/2174","23/14866",0.565217391304348,3.86500539978401,5.69083133345318,3.65599057727856e-06,0.000239027738375237,0.000239027738375237,"ZWILCH/SPAG5/CDCA8/NEK2/AURKB/CDK1/KNTC1/ECT2/BIRC5/KNSTRN/RACGAP1/RCC2/CCNB1",13
"GO:0099188","postsynaptic cytoskeleton organization","13/2174","23/14866",0.565217391304348,3.86500539978401,5.69083133345318,3.65599057727856e-06,0.000239027738375237,0.000239027738375237,"SH3GL2/POTEKP/RAC3/POTEI/NEFL/INA/POTEE/EZR/KIF2C/NEFH/SRCIN1/ACTN2/ACTL8",13
"GO:0045930","negative regulation of mitotic cell cycle","56/2174","211/14866",0.265402843601896,1.81484759566963,4.93369047451528,4.05206349112738e-06,0.000261611349145911,0.000261611349145911,"ZWILCH/SCRIB/CDCA8/CDC7/BLM/HASPIN/BRINP3/CDC6/ZWINT/TIMELESS/ORC1/CDKN2D/EME1/AURKB/KNL1/DONSON/CENPF/MAD2L1/TRIP13/EME2/CDK1/PKMYT1/INHBA/FANCD2/BARD1/PLK1/E2F7/NDC80/KNTC1/GEN1/BUB1/SPC24/GPR132/SKA1/RAD21/DTL/CHEK1/CLSPN/TEX14/BRCA1/MUC1/HUS1B/BIRC5/CCND1/TICRR/SKA3/BUB1B/BRSK1/NUF2/CDC20/SPC25/DBF4/TTK/CCNB1/BRINP2/BUB3",56
"GO:0010669","epithelial structure maintenance","15/2174","31/14866",0.483870967741935,3.30875152090691,5.32551314586911,8.37140519402141e-06,0.000533806269470624,0.000533806269470624,"SCRIB/MUC13/MUC6/INAVA/ILDR1/MUC2/VSIG1/NOD2/PKP3/TFF3/FREM2/LSR/HSPB1/TFF1/CRACD",15
"GO:0006310","DNA recombination","72/2174","304/14866",0.236842105263158,1.61954679707549,4.51697398696968,1.57569936287342e-05,0.000992498440151368,0.000992498440151368,"MCM2/HMGB3/RECQL4/TNFSF4/CDC7/FANCB/BLM/RAD51/PARPBP/HELLS/CENPS/RAD51AP1/REC8/TIMELESS/RAD54B/KMT5C/EME1/AUNIP/GINS4/CDC45/BRCA2/PARP1/TFRC/TFPT/EXO1/TRIP13/HSF2BP/EME2/MRGBP/MCM4/CHD4/FANCD2/H1-4/BATF/TONSL/BARD1/SMC4/H1-5/PLK1/RUVBL1/KPNA2/HMGB2/GEN1/CENPX/LIG1/RMI1/RAD21/CHEK1/TOP2A/NCAPH/TEX11/BRCA1/POLQ/PPP4C/HUS1B/UHRF1/PIF1/RAD54L/H2AX/XRCC2/SYCP2/FEN1/GINS2/PAGR1/MCM6/PGBD5/TERT/SYCE3/BRIP1/H1-2/RMI2/H1-3",72
"GO:0044772","mitotic cell cycle phase transition","88/2174","391/14866",0.225063938618926,1.53900667502712,4.47013285617081,1.61014836605481e-05,0.00100197786875579,0.00100197786875579,"ZWILCH/CDC25C/ANAPC11/CCNA2/MTBP/CCNP/CDCA8/ANLN/CCNI2/CDC7/BLM/HASPIN/CDC6/DPF1/CDKN3/NEK2/ZWINT/CCNE1/ORC1/CDKN2D/AURKB/FOXM1/PSMB3/UBE2C/KNL1/RCC1/CCNF/DONSON/E2F1/CENPF/CCNE2/MAD2L1/TRIP13/PSME2/CDK1/UBE2S/PKMYT1/INHBA/DLGAP5/RRM2/CDKN2A/BARD1/PLK1/E2F7/NDC80/KNTC1/GEN1/BUB1/SPC24/GPR132/CENPE/SKA1/RAD21/DTL/CHEK1/CLSPN/EIF4EBP1/STIL/TEX14/CDC25A/KIF14/CAMK2A/BRCA1/MUC1/HUS1B/ESPL1/BIRC5/CCNO/CCNB2/MELK/AURKA/CCND1/TICRR/SKA3/BUB1B/BRSK1/NUF2/CDC20/SPC25/DBF4/BRSK2/CDC25B/TERT/TTK/TACC3/RCC2/CCNB1/BUB3",88
"GO:0043062","extracellular structure organization","63/2174","257/14866",0.245136186770428,1.67626244366568,4.52604410322791,1.70678581873353e-05,0.00104947008973318,0.00104947008973318,"AGT/MMP1/COL8A1/P3H4/ADAMTS6/FAP/NPHS1/COL1A2/ADAMTS14/COL9A1/GDPD2/PLAUR/SCX/TLL2/POSTN/LOXL1/COL10A1/ADAM8/MMP13/COL9A3/COL1A1/ADAMTSL2/COL3A1/P4HA1/MMP25/WT1/SULF1/TMPRSS6/COL11A1/HPN/MMP12/MMP11/IBSP/MMP14/COL2A1/ADAMTS20/COL22A1/PXDNL/MMP9/PLAU/SULF2/KLK4/SLC2A10/TEX14/CREB3L1/AEBP1/CARMIL2/COL13A1/FGFR4/MMP10/APLP1/COL6A5/ADAMTS19/MMP8/PRSS2/COL12A1/MATN3/ZNF469/COL24A1/NPNT/MMP3/COL5A1/COL5A2",63
"GO:1901990","regulation of mitotic cell cycle phase transition","72/2174","305/14866",0.236065573770492,1.61423680757688,4.48577360607449,1.77322999746806e-05,0.00107749799257912,0.00107749799257912,"ZWILCH/CDC25C/ANAPC11/MTBP/CDCA8/ANLN/CDC7/BLM/HASPIN/CDC6/DPF1/ZWINT/CCNE1/ORC1/CDKN2D/AURKB/PSMB3/UBE2C/KNL1/DONSON/E2F1/CENPF/CCNE2/MAD2L1/TRIP13/PSME2/CDK1/PKMYT1/INHBA/DLGAP5/RRM2/CDKN2A/BARD1/PLK1/E2F7/NDC80/KNTC1/GEN1/BUB1/SPC24/GPR132/CENPE/SKA1/RAD21/DTL/CHEK1/CLSPN/STIL/TEX14/CDC25A/KIF14/BRCA1/MUC1/HUS1B/ESPL1/BIRC5/AURKA/CCND1/TICRR/SKA3/BUB1B/BRSK1/NUF2/CDC20/SPC25/DBF4/CDC25B/TERT/TTK/RCC2/CCNB1/BUB3",72
"GO:0034080","CENP-A containing chromatin assembly","8/2174","11/14866",0.727272727272727,4.97315380112068,5.45560082517008,2.25299790358706e-05,0.00132735696155994,0.00132735696155994,"CENPA/CENPP/HJURP/CENPI/OIP5/MIS18A/CENPN/CENPW",8
"GO:1901993","regulation of meiotic cell cycle phase transition","8/2174","11/14866",0.727272727272727,4.97315380112068,5.45560082517008,2.25299790358706e-05,0.00132735696155994,0.00132735696155994,"CDC25C/ZWINT/KNL1/PKMYT1/CDC25A/MAPK15/CDC25B/TTK",8
"GO:0006836","neurotransmitter transport","48/2174","182/14866",0.263736263736264,1.80345137842838,4.5135712363204,2.29930479742804e-05,0.00132735696155994,0.00132735696155994,"SYN1/SCRIB/PTPRN2/SNPH/SYT13/SLC1A1/BAIAP3/UNC13A/CSPG5/SYNGR3/RIMS4/SLC6A17/SLC25A22/DOC2A/CDK5/SYT5/STXBP2/SLC4A8/SLC6A9/SLC29A3/RIMS1/CHRNB4/SLC6A4/SLC6A11/ADORA2A/GRM4/PPFIA3/SYP/SYT9/SLC1A2/CACNA1B/SYT1/SLC6A15/GPR158/GDNF/GABRQ/CAMK2A/PNOC/SYT7/SLC1A6/BRSK1/CADPS/RIMS2/KMO/STX1A/PRRT2/RAB3A/DRD4",48
"GO:0009617","response to bacterium","101/2174","467/14866",0.21627408993576,1.47890092961592,4.35196254965464,2.30367188228677e-05,0.00132735696155994,0.00132735696155994,"CXCL10/MAPKAPK2/C4B/RARA/ISG15/IGHG1/PGLYRP2/TNFSF4/LYZ/TRAV26-1/IL18/OAS3/H2BC4/CXCL13/H2BC21/H2BC9/NLRP6/H2BC6/LCN2/LOXL1/H2BC11/INAVA/OAS1/WFDC3/IGHE/SHARPIN/GBP5/H2BC7/IGHM/H2BC17/ANKRD1/SIGIRR/SLC7A5/E2F1/S100A7/GSDMC/LTA/SLAMF8/S100A8/NLRP7/EPO/KRT6A/XBP1/S100A9/SLC11A1/IL12B/GSDMD/TNIP3/FGB/CXCL9/ZG16B/IGHG3/NOD2/HMGB2/VGF/CCR7/IL24/IL27/DCD/CD6/MMP9/IGHG4/WFDC2/H2BC5/CCL20/CD24/UMOD/CNR2/S100A14/OPRK1/CYP27B1/H2BC8/TREM1/FOXP3/H2BC15/PPM1E/EPHB2/GPR31/PGLYRP4/ROMO1/MMP8/OAS2/AZU1/H2BC19P/IGHG2/STAP1/PRB3/MMP3/CLDN3/CHGA/VIL1/TRAV6/KMO/CD80/H2BC13/PYCARD/CAMP/H2BC18/CFB/H2BC12/LPO",101
"GO:2001251","negative regulation of chromosome organization","31/2174","100/14866",0.31,2.11980680772769,4.6500633153818,2.31291629313446e-05,0.00132735696155994,0.00132735696155994,"ZWILCH/CDCA8/HASPIN/ZWINT/AURKB/KNL1/PARP1/CENPF/MAD2L1/TRIP13/PLK1/NDC80/KNTC1/GEN1/BUB1/SPC24/CTPS1/SKA1/RAD21/TEX14/ESPL1/BIRC5/PIF1/SKA3/BUB1B/NUF2/CDC20/SPC25/TTK/CCNB1/BUB3",31
"GO:0010389","regulation of G2/M transition of mitotic cell cycle","29/2174","91/14866",0.318681318681319,2.17917041560096,4.66961118848423,2.35541010966681e-05,0.00133688936444275,0.00133688936444275,"CDC25C/CDC7/BLM/CDC6/ORC1/AURKB/DONSON/CENPF/CDK1/PKMYT1/BARD1/PLK1/GPR132/RAD21/DTL/CHEK1/CLSPN/CDC25A/KIF14/BRCA1/HUS1B/AURKA/CCND1/TICRR/BRSK1/DBF4/CDC25B/RCC2/CCNB1",29
"GO:0035825","homologous recombination","22/2174","61/14866",0.360655737704918,2.4661951226869,4.74897274442551,2.65449259852728e-05,0.00149026676862972,0.00149026676862972,"RAD51/CENPS/RAD51AP1/REC8/RAD54B/EME1/TRIP13/HSF2BP/EME2/FANCD2/BARD1/CENPX/RMI1/RAD21/TOP2A/TEX11/BRCA1/UHRF1/RAD54L/SYCP2/SYCE3/BRIP1",22
"GO:0009914","hormone transport","58/2174","235/14866",0.246808510638298,1.68769793889095,4.39786449174645,2.9381766312079e-05,0.00161558973827616,0.00161558973827616,"AGT/ABAT/ALDOA/PTPRN2/PLA2G3/TOR2A/ABCA12/BAIAP3/KISS1/SLC30A8/CCL5/SPP1/SLC25A22/FOXD1/NKX6-1/ILDR1/SLC7A5/IFNG/KCNK9/OSM/BLK/NMU/INHBA/TACR3/SCT/RAB11FIP1/FGB/CRYM/PASK/GDF9/PTPRN/RETN/IL11/TRPA1/UQCC2/CACNG4/FGG/KCNJ11/WNK4/VAMP8/SYT7/KISS1R/GHRH/OPRK1/SLC7A8/UCN/MYB/BMP8A/BRSK2/INHA/GAL/RIMS2/CHGA/TFR2/SOX11/STX1A/RAB3A/CAMP",58
"GO:0030198","extracellular matrix organization","62/2174","256/14866",0.2421875,1.65609906853726,4.38239471139848,2.94027948495564e-05,0.00161558973827616,0.00161558973827616,"AGT/MMP1/COL8A1/P3H4/ADAMTS6/FAP/NPHS1/COL1A2/ADAMTS14/COL9A1/GDPD2/PLAUR/SCX/TLL2/POSTN/LOXL1/COL10A1/ADAM8/MMP13/COL9A3/COL1A1/ADAMTSL2/COL3A1/P4HA1/MMP25/WT1/SULF1/TMPRSS6/COL11A1/HPN/MMP12/MMP11/IBSP/MMP14/COL2A1/ADAMTS20/COL22A1/PXDNL/MMP9/PLAU/SULF2/KLK4/SLC2A10/CREB3L1/AEBP1/CARMIL2/COL13A1/FGFR4/MMP10/APLP1/COL6A5/ADAMTS19/MMP8/PRSS2/COL12A1/MATN3/ZNF469/COL24A1/NPNT/MMP3/COL5A1/COL5A2",62
"GO:0051984","positive regulation of chromosome segregation","13/2174","27/14866",0.481481481481481,3.29241200722341,4.93423050764628,3.6080658912359e-05,0.00196164845560352,0.00196164845560352,"NCAPG2/CDCA8/CDC6/AURKB/NCAPG/CDK1/SMC4/SKA1/NCAPH/BIRC5/SKA3/RCC2/CCNB1",13
"GO:1901989","positive regulation of cell cycle phase transition","29/2174","93/14866",0.311827956989247,2.13230653569556,4.53334043898174,3.71332084975652e-05,0.00199784397802004,0.00199784397802004,"CDC25C/ANAPC11/MTBP/CDC7/CDC6/CCNE1/UBE2C/CCNE2/CDK1/DLGAP5/RRM2/PLK1/PKP3/SKA1/DTL/STIL/CDC25A/ESPL1/BIRC5/MAPK15/CCND1/EZH2/SKA3/PAGR1/CDC20/CDC25B/TERT/RCC2/CCNB1",29
"GO:0045229","external encapsulating structure organization","62/2174","258/14866",0.24031007751938,1.64326109126178,4.31369019193736,3.77236961804071e-05,0.00200868959558559,0.0020086895955856,"AGT/MMP1/COL8A1/P3H4/ADAMTS6/FAP/NPHS1/COL1A2/ADAMTS14/COL9A1/GDPD2/PLAUR/SCX/TLL2/POSTN/LOXL1/COL10A1/ADAM8/MMP13/COL9A3/COL1A1/ADAMTSL2/COL3A1/P4HA1/MMP25/WT1/SULF1/TMPRSS6/COL11A1/HPN/MMP12/MMP11/IBSP/MMP14/COL2A1/ADAMTS20/COL22A1/PXDNL/MMP9/PLAU/SULF2/KLK4/SLC2A10/CREB3L1/AEBP1/CARMIL2/COL13A1/FGFR4/MMP10/APLP1/COL6A5/ADAMTS19/MMP8/PRSS2/COL12A1/MATN3/ZNF469/COL24A1/NPNT/MMP3/COL5A1/COL5A2",62
"GO:1901992","positive regulation of mitotic cell cycle phase transition","25/2174","76/14866",0.328947368421053,2.24937055149373,4.51919591531317,4.66793394912671e-05,0.00245743954847308,0.00245743954847308,"CDC25C/ANAPC11/MTBP/CDC7/CDC6/CCNE1/UBE2C/CCNE2/CDK1/DLGAP5/RRM2/PLK1/SKA1/DTL/STIL/CDC25A/ESPL1/BIRC5/CCND1/SKA3/CDC20/CDC25B/TERT/RCC2/CCNB1",25
"GO:0007218","neuropeptide signaling pathway","22/2174","63/14866",0.349206349206349,2.38790321403017,4.56879615400017,4.71029071246535e-05,0.00245743954847308,0.00245743954847308,"SORCS1/NTSR1/SSTR2/NPFFR2/GPR143/SORCS3/NMU/GPR139/GRPR/NPY1R/NXPH4/MCHR1/PCSK1N/OPRD1/PNOC/KISS1R/OPRK1/UCN/NPW/PYY/GPR84/GAL",22
"GO:1901970","positive regulation of mitotic sister chromatid separation","11/2174","21/14866",0.523809523809524,3.58185482104525,4.90002797353967,5.43002822718485e-05,0.00280460957934097,0.00280460957934097,"ANAPC11/CDCA8/AURKB/UBE2C/DLGAP5/PLK1/SKA1/ESPL1/BIRC5/SKA3/CDC20",11
"GO:0035860","glial cell-derived neurotrophic factor receptor signaling pathway","8/2174","12/14866",0.666666666666667,4.55872431769396,5.10399751364439,5.88799717727219e-05,0.00298152013927558,0.00298152013927557,"GFRA1/SULF1/GDF15/MMP14/SULF2/GDNF/RET/ARTN",8
"GO:0051231","spindle elongation","8/2174","12/14866",0.666666666666667,4.55872431769396,5.10399751364439,5.88799717727219e-05,0.00298152013927558,0.00298152013927557,"CDCA8/KIF4A/AURKB/KIF23/KIF11/BIRC5/PRC1/RACGAP1",8
"GO:0034501","protein localization to kinetochore","9/2174","15/14866",0.6,4.10285188592456,4.97595014615192,6.51623067197886e-05,0.00323618571353565,0.00323618571353565,"ZWILCH/MTBP/AURKB/KNL1/CDK1/KNTC1/TTK/RCC2/BUB3",9
"GO:0060080","inhibitory postsynaptic potential","9/2174","15/14866",0.6,4.10285188592456,4.97595014615192,6.51623067197886e-05,0.00323618571353565,0.00323618571353565,"ABAT/NTSR1/RIMS1/SYT1/PNOC/INSYN2A/INSYN1/RIMS2/DRD4",9
"GO:0046879","hormone secretion","55/2174","226/14866",0.243362831858407,1.66413608942368,4.16378174456476,7.03173838377848e-05,0.00345894559544913,0.00345894559544913,"AGT/ABAT/ALDOA/PTPRN2/PLA2G3/TOR2A/ABCA12/BAIAP3/KISS1/SLC30A8/CCL5/SPP1/SLC25A22/FOXD1/NKX6-1/ILDR1/IFNG/KCNK9/OSM/BLK/NMU/INHBA/TACR3/SCT/RAB11FIP1/FGB/PASK/GDF9/PTPRN/RETN/IL11/TRPA1/UQCC2/CACNG4/FGG/KCNJ11/WNK4/VAMP8/SYT7/KISS1R/GHRH/OPRK1/UCN/MYB/BMP8A/BRSK2/INHA/GAL/RIMS2/CHGA/TFR2/SOX11/STX1A/RAB3A/CAMP",55
"GO:0007131","reciprocal meiotic recombination","19/2174","52/14866",0.365384615384615,2.49853159719765,4.4800060579449,7.555218128257e-05,0.0036469814609764,0.0036469814609764,"RAD51/CENPS/RAD51AP1/REC8/RAD54B/EME1/TRIP13/HSF2BP/EME2/FANCD2/CENPX/RMI1/RAD21/TOP2A/TEX11/RAD54L/SYCP2/SYCE3/BRIP1",19
"GO:0140527","reciprocal homologous recombination","19/2174","52/14866",0.365384615384615,2.49853159719765,4.4800060579449,7.555218128257e-05,0.0036469814609764,0.0036469814609764,"RAD51/CENPS/RAD51AP1/REC8/RAD54B/EME1/TRIP13/HSF2BP/EME2/FANCD2/CENPX/RMI1/RAD21/TOP2A/TEX11/RAD54L/SYCP2/SYCE3/BRIP1",19
"GO:0000086","G2/M transition of mitotic cell cycle","35/2174","125/14866",0.28,1.91466421343146,4.25011240115045,7.72911924017783e-05,0.00369637971069616,0.00369637971069616,"CDC25C/CCNA2/CDC7/BLM/CDC6/NEK2/ORC1/AURKB/FOXM1/DONSON/CENPF/CDK1/PKMYT1/BARD1/PLK1/GPR132/RAD21/DTL/CHEK1/CLSPN/CDC25A/KIF14/BRCA1/HUS1B/BIRC5/MELK/AURKA/CCND1/TICRR/BRSK1/DBF4/BRSK2/CDC25B/RCC2/CCNB1",35
"GO:0001501","skeletal system development","70/2174","308/14866",0.227272727272727,1.55411056285021,4.06694336625145,8.32844532550885e-05,0.00394646056020672,0.00394646056020672,"DLX4/FBN2/ATG9B/COL1A2/TBX1/HAPLN1/P2RX5/SCX/TEAD4/GATA3/MBOAT2/PAX1/CCDC154/DLX2/COL10A1/MMP13/CCN4/CLEC3A/COL1A1/HOXA11/COL3A1/DLX6/HOXC4/NOTUM/DLX5/OTOR/ACAN/TIFAB/SULF1/COL11A1/BMP8B/TRPS1/HYAL3/EPYC/CHRD/TIMP1/CDH11/EBP/MMP14/PITX1/COL2A1/DLX3/SULF2/HOXC11/SLC2A10/VCAN/COL13A1/ATP6AP1/HSD17B1/BMPR1B/HOXB9/SRD5A2/COMP/RUNX2/HMGA2/NKX3-2/HOXD13/DLL3/IRX5/BMP8A/INHA/SIX2/MATN3/SOX11/EN1/MDK/COL5A1/DLX1/WNT7B/FGFR3",70
"GO:0031640","killing of cells of another organism","23/2174","70/14866",0.328571428571429,2.24679984229202,4.32733773956188,9.45172573385639e-05,0.00439803274012327,0.00439803274012327,"CXCL10/MICB/TOR2A/LYZ/CXCL13/H2BC11/GBP5/CCL19/KRT6A/CCL11/C8G/CXCL9/DCD/CCL20/CCL17/TREM1/GZMB/PGLYRP4/GZMA/AZU1/CHGA/CXCL11/H2BC12",23
"GO:0141061","disruption of cell in another organism","23/2174","70/14866",0.328571428571429,2.24679984229202,4.32733773956188,9.45172573385639e-05,0.00439803274012327,0.00439803274012327,"CXCL10/MICB/TOR2A/LYZ/CXCL13/H2BC11/GBP5/CCL19/KRT6A/CCL11/C8G/CXCL9/DCD/CCL20/CCL17/TREM1/GZMB/PGLYRP4/GZMA/AZU1/CHGA/CXCL11/H2BC12",23
"GO:2000241","regulation of reproductive process","31/2174","107/14866",0.289719626168224,1.98112785768943,4.21537508643148,9.73846486696795e-05,0.00449099741409727,0.00449099741409727,"CDC25C/ANAPC11/RAD51AP1/ZWINT/GCM1/CCDC87/CIB1/KNL1/PLA2G10/CALR/WT1/SULF1/TRIP13/PKMYT1/INHBA/TACR3/HYAL3/TIMP1/GDF9/RETN/FBXO43/CDC25A/MAPK15/ASPM/HORMAD1/CDC20/CACNA1H/CDC25B/TTK/ASTL/PAEP",31
"GO:0007631","feeding behavior","19/2174","53/14866",0.358490566037736,2.45138949159015,4.38074115409532,0.000101772678107883,0.00465182196838243,0.00465182196838243,"STRA6/ADORA2A/NMU/TACR3/GDF15/ADM2/NPY1R/RETN/MCHR1/PCSK1N/OPRD1/PNOC/OPRK1/UCN/NPW/TMEM63B/PYY/GAL/EN1",19
"GO:0010817","regulation of hormone levels","86/2174","399/14866",0.215538847117794,1.47387327564542,3.97106155572409,0.00010316276467022,0.0046739971887867,0.0046739971887867,"AGT/CLCN2/ABAT/ALDOA/PTPRN2/PLA2G3/TOR2A/ABCA12/BAIAP3/KISS1/GATA3/SLC30A8/PCSK6/CCL5/SPP1/SLC25A22/UGT2B4/FOXD1/CEL/HSD17B6/NKX6-1/CPA4/ILDR1/SLC7A5/SDR16C5/IFNG/DIO1/KCNK9/PCSK4/PCSK1/OSM/BLK/NMU/RDH16/PCSK2/INHBA/TACR3/SCT/HPN/RAB11FIP1/FGB/CRYM/PASK/CHST8/GDF9/PTPRN/RETN/IL11/TRPA1/UQCC2/CACNG4/FGG/KCNJ11/CORIN/SHH/UGT2B17/HSD17B1/WNK4/VAMP8/SRD5A2/TG/SYT7/KISS1R/GHRH/CYP21A2/OPRK1/SLC7A8/HSD17B7/UCN/MYB/IYD/BMP8A/CACNA1H/BRSK2/INHA/DHRS2/GAL/RIMS2/SLC5A5/CHGA/TFR2/SOX11/STX1A/RAB3A/CAMP/RBP1",86
"GO:1902749","regulation of cell cycle G2/M phase transition","30/2174","103/14866",0.29126213592233,1.99167567277891,4.17972931237605,0.000112700112104678,0.00499468340732036,0.00499468340732036,"CDC25C/CDC7/BLM/CDC6/ORC1/AURKB/DONSON/CENPF/CDK1/PKMYT1/BARD1/PLK1/GPR132/RAD21/DTL/CHEK1/CLSPN/MACROH2A1/CDC25A/KIF14/BRCA1/HUS1B/AURKA/CCND1/TICRR/BRSK1/DBF4/CDC25B/RCC2/CCNB1",30
"GO:0051256","mitotic spindle midzone assembly","7/2174","10/14866",0.7,4.78666053357866,4.95738470845216,0.000113141908742784,0.00499468340732036,0.00499468340732036,"CDCA8/KIF4A/AURKB/KIF23/BIRC5/PRC1/RACGAP1",7
"GO:0070106","interleukin-27-mediated signaling pathway","7/2174","10/14866",0.7,4.78666053357866,4.95738470845216,0.000113141908742784,0.00499468340732036,0.00499468340732036,"OAS3/OAS1/OASL/IL27/STAT1/MX1/OAS2",7
"GO:0030855","epithelial cell differentiation","95/2174","452/14866",0.210176991150442,1.43720844086591,3.90672364846741,0.000122709284916315,0.0053711309880743,0.0053711309880743,"FOXJ1/TJP3/RARA/SCRIB/FOXI3/KRT24/IVL/NPHS1/ZNF703/TBX1/SYNE4/ABCA12/PAX2/SCX/GATA3/PTK6/CCDC78/UPK1A/PCNA/UGCG/ASCL1/NKX6-1/GATA5/PERCC1/ST14/MCIDAS/PAX6/TPRN/BASP1/S100A7/CDH2/KRT1/IFNG/ESRP1/PROC/CDHR2/EZR/MSI1/PLK4/WT1/KRT31/KRT75/CNFN/CDK1/KRT6A/DNPH1/VSIG1/KRT16/KRT19/E2F7/DEUP1/KDM5B/CASP14/DLX3/OVOL1/INSM1/MMP9/CAMSAP3/STAT1/ZBED2/WFDC2/SPRED3/MACROH2A1/LEF1/GDNF/GATA4/CD24/RAB25/CCNO/ARX/UPK2/CYP27B1/SIX3/SPINT2/FOXP3/E2F8/TMEM132E/KRT37/PYY/FOXH1/EVPL/SIX2/SH3BP1/TMEM79/KRT86/SLC44A4/CLDN3/VIL1/SOX11/SIPA1L3/WNT7B/IL20/KRT81/ROS1/ACTL8",95
"GO:1903083","protein localization to condensed chromosome","9/2174","16/14866",0.5625,3.84642364305428,4.71458529777627,0.000129590502496971,0.00554960135806524,0.00554960135806524,"ZWILCH/MTBP/AURKB/KNL1/CDK1/KNTC1/TTK/RCC2/BUB3",9
"GO:0007269","neurotransmitter secretion","35/2174","128/14866",0.2734375,1.86978927092916,4.09022265523532,0.000130010022134733,0.00554960135806524,0.00554960135806524,"SYN1/SCRIB/PTPRN2/SNPH/SYT13/BAIAP3/UNC13A/CSPG5/SYNGR3/RIMS4/DOC2A/CDK5/SYT5/STXBP2/SLC4A8/RIMS1/CHRNB4/ADORA2A/GRM4/PPFIA3/SYP/SYT9/CACNA1B/SYT1/GPR158/CAMK2A/PNOC/SYT7/BRSK1/CADPS/RIMS2/KMO/STX1A/PRRT2/RAB3A",35
"GO:0099643","signal release from synapse","35/2174","128/14866",0.2734375,1.86978927092916,4.09022265523532,0.000130010022134733,0.00554960135806524,0.00554960135806524,"SYN1/SCRIB/PTPRN2/SNPH/SYT13/BAIAP3/UNC13A/CSPG5/SYNGR3/RIMS4/DOC2A/CDK5/SYT5/STXBP2/SLC4A8/RIMS1/CHRNB4/ADORA2A/GRM4/PPFIA3/SYP/SYT9/CACNA1B/SYT1/GPR158/CAMK2A/PNOC/SYT7/BRSK1/CADPS/RIMS2/KMO/STX1A/PRRT2/RAB3A",35
"GO:0033314","mitotic DNA replication checkpoint signaling","8/2174","13/14866",0.615384615384615,4.20805321633289,4.78909381292617,0.000133398680459163,0.0056475752833736,0.0056475752833736,"CDC7/CDC6/ORC1/DONSON/CLSPN/HUS1B/TICRR/DBF4",8
"GO:0042100","B cell proliferation","22/2174","67/14866",0.328358208955224,2.24534182811792,4.22821425895141,0.000134623777134327,0.00565241182846941,0.00565241182846941,"TNFRSF4/CR2/GAPT/IGHE/TNFRSF13C/TFRC/CDKN2A/CD19/MS4A1/TNFSF13B/CTPS1/FCRL3/IKZF3/IL21/EPHB2/IL12RB2/CD79A/VAV3/CTLA4/PRLR/RASGRP1/MZB1",22
"GO:0007492","endoderm development","19/2174","54/14866",0.351851851851852,2.40599338989403,4.2837143391534,0.00013570165861185,0.00565241182846941,0.00565241182846941,"COL8A1/VTN/COL11A1/INHBA/MMP14/MMP9/HOXC11/TBX20/MACROH2A1/GATA4/EOMES/DKK1/FN1/HMGA2/MMP8/COL12A1/SOX2/COL5A1/COL5A2",19
"GO:0090183","regulation of kidney development","13/2174","30/14866",0.433333333333333,2.96317080650107,4.45458753201971,0.000140212463566737,0.00579357899457757,0.00579357899457757,"AGT/PAX2/GATA3/MAGED1/FOXD1/SIX4/BASP1/WT1/STAT1/GDNF/EZH2/RET/SIX2",13
"GO:0007051","spindle organization","47/2174","190/14866",0.247368421052632,1.69152665472328,3.9703525177703,0.000151828231678911,0.00622375251286965,0.00622375251286965,"DCAF13/SPAG5/CDCA8/KIF15/TPX2/TUBG1/NEK2/SAC3D1/KIF4A/AURKB/KIF23/AUNIP/CHMP4BP1/FAM110A/RCC1/EZR/DLGAP5/CENPH/TUBB8/PLK1/WDR62/NDC80/STMN1/CENPE/SKA1/STIL/KIF11/FSD1/KIFC1/BIRC5/UHRF1/MAPK15/KNSTRN/AURKA/KASH5/MISP/SKA3/ASPM/NUF2/SPC25/PRC1/TTK/RACGAP1/TACC3/GPSM2/PSRC1/CCNB1",47
"GO:0044839","cell cycle G2/M phase transition","37/2174","139/14866",0.266187050359712,1.82021006929507,4.0208932962456,0.000154930245013724,0.00628063027798108,0.00628063027798108,"CDC25C/CCNA2/CDC7/BLM/CDC6/NEK2/ORC1/AURKB/FOXM1/DONSON/CENPF/CDK1/PKMYT1/BARD1/PLK1/NDC80/GPR132/RAD21/DTL/CHEK1/CLSPN/MACROH2A1/CDC25A/KIF14/BRCA1/HUS1B/BIRC5/MELK/AURKA/CCND1/TICRR/BRSK1/DBF4/BRSK2/CDC25B/RCC2/CCNB1",37
"GO:0035987","endodermal cell differentiation","16/2174","42/14866",0.380952380952381,2.60498532439655,4.31082311235448,0.000156270732420951,0.00628063027798108,0.00628063027798108,"COL8A1/VTN/COL11A1/INHBA/MMP14/MMP9/MACROH2A1/EOMES/DKK1/FN1/HMGA2/MMP8/COL12A1/SOX2/COL5A1/COL5A2",16
"GO:0002438","acute inflammatory response to antigenic stimulus","11/2174","23/14866",0.478260869565217,3.27038918443262,4.50973038685248,0.000156863757184813,0.00628063027798108,0.00628063027798108,"IGHG1/PLA2G2D/GATA3/FCGR1A/IGHE/FCGR3A/FUT7/CCR7/ORM1/CD6/ORM2",11
"GO:0031297","replication fork processing","20/2174","59/14866",0.338983050847458,2.31799541577659,4.19810756762623,0.000164268798246043,0.00652652571492931,0.00652652571492931,"TRAIP/BLM/RAD51/CENPS/PCNA/TIMELESS/EME1/BRCA2/DONSON/PARP1/EXO1/EME2/TONSL/BARD1/DNA2/GEN1/CENPX/BRCA1/POLQ/FAM111B",20
"GO:0060078","regulation of postsynaptic membrane potential","32/2174","115/14866",0.278260869565217,1.90277188912443,4.02219767826884,0.000174505353501723,0.00688030649493433,0.00688030649493433,"CHRNA5/GRIA2/CHRNA9/ABAT/GABRA3/NTSR1/GABRD/P2RX5/SLC8A2/P2RX2/MAPK8IP2/GRIK4/RIMS1/CHRNB4/RGS4/ADORA2A/HTR3A/SYT1/GRIN1/KCNK1/PNOC/GRIN2C/INSYN2A/CHRNA6/GRIN2D/INSYN1/GRIN3B/CHRNA1/RIMS2/RGS7/STX1A/DRD4",32
"GO:0046883","regulation of hormone secretion","48/2174","198/14866",0.242424242424242,1.65771793370689,3.85597334536687,0.000217312037101318,0.00850315660324473,0.00850315660324474,"AGT/ABAT/ALDOA/PLA2G3/ABCA12/BAIAP3/KISS1/SLC30A8/CCL5/SPP1/SLC25A22/NKX6-1/ILDR1/IFNG/KCNK9/OSM/BLK/NMU/INHBA/TACR3/SCT/RAB11FIP1/FGB/PASK/GDF9/RETN/IL11/TRPA1/UQCC2/CACNG4/FGG/KCNJ11/VAMP8/SYT7/KISS1R/GHRH/OPRK1/UCN/MYB/BMP8A/BRSK2/INHA/GAL/CHGA/TFR2/SOX11/STX1A/CAMP",48
"GO:0017158","regulation of calcium ion-dependent exocytosis","14/2174","35/14866",0.4,2.73523459061638,4.25357599215148,0.000219148112964733,0.00851052634182591,0.00851052634182591,"SYT17/SYT13/BAIAP3/DOC2A/CDK5/SYT5/CBARP/HYAL3/SYT9/CACNA1B/SYT1/SYT7/STX1A/RAB3A",14
"GO:0050804","modulation of chemical synaptic transmission","89/2174","425/14866",0.209411764705882,1.43197575626387,3.73940409757191,0.000225788298682037,0.00870295942308,0.00870295942308,"CHRNA5/GRIA2/TNR/SYN1/RARA/SYT13/ADCY1/SLC1A1/BAIAP3/UNC13A/SLC8A2/CSPG5/WNT3A/NEFL/GRM8/INA/LAMP5/RIMS4/SLC4A10/NTNG1/CDK5/NETO1/SYT5/SLC4A8/RASGRF1/MAPK8IP2/SORCS3/SLC6A9/NXPH1/GRIK4/ARF1/RIMS1/CHRNB4/RGS4/SLC6A4/JPH3/ADORA2A/CBLN2/NMU/GRM4/GIPC1/PCDH8/ZDHHC12/SCT/PPFIA3/SYP/C1QL4/CDH11/AKAP5/C1QL1/NXPH4/KCTD13/VGF/SHISA9/RETN/CACNA1B/SYT1/CFL1/CACNG4/GPR158/APBA2/CAMK2A/GRIN1/SHISA8/NEFH/CNR2/PNOC/SYT7/LRP8/DKK1/UCN/GRIN2C/HOMER3/CHRNA6/EPHB2/BRSK1/GRIN2D/CDC20/GRIN3B/CHRNA1/RIMS2/KMO/DLGAP3/LRFN2/STX1A/PRRT2/SLC24A2/RAB3A/NEURL1",89
"GO:0141060","disruption of anatomical structure in another organism","23/2174","74/14866",0.310810810810811,2.12535120216813,4.01640671901723,0.000241725979582113,0.00924825692253048,0.00924825692253048,"CXCL10/MICB/TOR2A/LYZ/CXCL13/H2BC11/GBP5/CCL19/KRT6A/CCL11/C8G/CXCL9/DCD/CCL20/CCL17/TREM1/GZMB/PGLYRP4/GZMA/AZU1/CHGA/CXCL11/H2BC12",23
"GO:0007346","regulation of mitotic cell cycle","92/2174","444/14866",0.207207207207207,1.41690080144542,3.69112424827582,0.00026171144647256,0.00993926191934393,0.00993926191934393,"ZWILCH/RPRM/SCRIB/CDC25C/ANAPC11/MTBP/CDCA8/ANLN/FOXA1/CDC7/BLM/HASPIN/BRINP3/CDC6/DPF1/NEK2/ZWINT/TIMELESS/CCNE1/ORC1/CDKN2D/EME1/CDCA2/MKI67/AURKB/FOXM1/MCIDAS/PSMB3/EPGN/UBE2C/KNL1/RCC1/DONSON/E2F1/CENPF/CCNE2/MAD2L1/TRIP13/PSME2/EME2/CDK1/PKMYT1/INHBA/DLGAP5/RRM2/FANCD2/CDKN2A/CKS2/BARD1/PLK1/E2F7/NDC80/KNTC1/GEN1/BUB1/SPC24/FBXO43/GPR132/CENPE/SKA1/RAD21/DTL/CHEK1/CLSPN/EIF4EBP1/STIL/TEX14/CDC25A/KIF14/BRCA1/MUC1/HUS1B/ESPL1/BIRC5/AURKA/CCND1/TICRR/SKA3/BUB1B/BRSK1/NUF2/CDC20/SPC25/DBF4/CDC25B/TTLL12/TERT/TTK/RCC2/CCNB1/BRINP2/BUB3",92
"GO:0099177","regulation of trans-synaptic signaling","89/2174","427/14866",0.208430913348946,1.4252686098645,3.69025095913002,0.000266464648413454,0.0100459117449306,0.0100459117449306,"CHRNA5/GRIA2/TNR/SYN1/RARA/SYT13/ADCY1/SLC1A1/BAIAP3/UNC13A/SLC8A2/CSPG5/WNT3A/NEFL/GRM8/INA/LAMP5/RIMS4/SLC4A10/NTNG1/CDK5/NETO1/SYT5/SLC4A8/RASGRF1/MAPK8IP2/SORCS3/SLC6A9/NXPH1/GRIK4/ARF1/RIMS1/CHRNB4/RGS4/SLC6A4/JPH3/ADORA2A/CBLN2/NMU/GRM4/GIPC1/PCDH8/ZDHHC12/SCT/PPFIA3/SYP/C1QL4/CDH11/AKAP5/C1QL1/NXPH4/KCTD13/VGF/SHISA9/RETN/CACNA1B/SYT1/CFL1/CACNG4/GPR158/APBA2/CAMK2A/GRIN1/SHISA8/NEFH/CNR2/PNOC/SYT7/LRP8/DKK1/UCN/GRIN2C/HOMER3/CHRNA6/EPHB2/BRSK1/GRIN2D/CDC20/GRIN3B/CHRNA1/RIMS2/KMO/DLGAP3/LRFN2/STX1A/PRRT2/SLC24A2/RAB3A/NEURL1",89
"GO:0000022","mitotic spindle elongation","7/2174","11/14866",0.636363636363636,4.3515095759806,4.6020112292476,0.000271712785729883,0.0101405105576576,0.0101405105576576,"CDCA8/KIF4A/AURKB/KIF23/BIRC5/PRC1/RACGAP1",7
"GO:0001706","endoderm formation","17/2174","48/14866",0.354166666666667,2.42182229377492,4.08336627863235,0.000275708343871553,0.0101405105576576,0.0101405105576576,"COL8A1/VTN/COL11A1/INHBA/MMP14/MMP9/TBX20/MACROH2A1/EOMES/DKK1/FN1/HMGA2/MMP8/COL12A1/SOX2/COL5A1/COL5A2",17
"GO:0002065","columnar/cuboidal epithelial cell differentiation","17/2174","48/14866",0.354166666666667,2.42182229377492,4.08336627863235,0.000275708343871553,0.0101405105576576,0.0101405105576576,"FOXJ1/PTK6/CCDC78/GATA5/MCIDAS/PLK4/DEUP1/DLX3/INSM1/WFDC2/LEF1/GATA4/CCNO/ARX/PYY/SOX11/ROS1",17
"GO:0034502","protein localization to chromosome","29/2174","103/14866",0.281553398058252,1.92528648368628,3.89991117496248,0.000276827103316499,0.0101405105576576,0.0101405105576576,"ZWILCH/H4C9/H4C12/MTBP/HASPIN/H2BC11/H4C14/AURKB/CENPA/KNL1/PARP1/ESR1/H4C5/CDK1/TONSL/PLK1/KNTC1/RAD21/H4C8/MACROH2A1/LEF1/UHRF1/H2AX/H4C4/H2AC8/TTK/H4C11/RCC2/BUB3",29
"GO:0000077","DNA damage checkpoint signaling","30/2174","108/14866",0.277777777777778,1.89946846570582,3.88267698830206,0.000283516287740607,0.0103124058181707,0.0103124058181707,"TELO2/CDC7/BLM/RAD51/PARP9/TIMELESS/EME1/BRCA2/DONSON/E2F1/WDR76/EME2/CDK1/FANCD2/BARD1/FBXO6/PLK1/DTL/CHEK1/CLSPN/BRCA1/MUC1/HUS1B/CCND1/TICRR/H2AX/BRSK1/DBF4/INTS7/BRIP1",30
"GO:0045071","negative regulation of viral genome replication","16/2174","44/14866",0.363636363636364,2.48657690056034,4.08702701956646,0.000292944008981569,0.0105808098348937,0.0105808098348937,"ISG15/OAS3/CCL5/OAS1/APOBEC3H/APOBEC3A/IFIT1/OASL/APOBEC3B/IFITM1/ISG20/RSAD2/HMGA2/MX1/OAS2/BST2",16
"GO:0016079","synaptic vesicle exocytosis","26/2174","89/14866",0.292134831460674,1.9976432403378,3.90682830813788,0.000298094261962952,0.0106920615488795,0.0106920615488795,"SYN1/SCRIB/SNPH/SYT13/UNC13A/CSPG5/SYNGR3/RIMS4/DOC2A/CDK5/SYT5/STXBP2/SLC4A8/RIMS1/PPFIA3/SYP/SYT9/CACNA1B/SYT1/SYT7/BRSK1/CADPS/RIMS2/STX1A/PRRT2/RAB3A",26
"GO:0030574","collagen catabolic process","15/2174","40/14866",0.375,2.56428242870285,4.09996698601407,0.000305457153265796,0.0108805944594334,0.0108805944594334,"MMP1/FAP/ADAMTS14/MMP13/MMP25/TMPRSS6/PRTN3/MMP12/MMP11/MMP14/MMP9/MMP10/MMP8/PRSS2/MMP3",15
"GO:0045005","DNA-templated DNA replication maintenance of fidelity","21/2174","66/14866",0.318181818181818,2.1757547879903,3.96191415305353,0.000310291498664224,0.0109770930863063,0.0109770930863063,"TRAIP/BLM/RAD51/CENPS/PCNA/TIMELESS/EME1/BRCA2/DONSON/PARP1/EXO1/EME2/TONSL/BARD1/DNA2/GEN1/CENPX/CAMSAP3/BRCA1/POLQ/FAM111B",21
"GO:0030277","maintenance of gastrointestinal epithelium","10/2174","21/14866",0.476190476190476,3.25623165549568,4.2820371372542,0.000328474833660844,0.0115413096316888,0.0115413096316888,"MUC13/MUC6/INAVA/MUC2/VSIG1/NOD2/TFF3/HSPB1/TFF1/CRACD",10
"GO:0071168","protein localization to chromatin","18/2174","53/14866",0.339622641509434,2.32236899203277,3.99131749117924,0.00033488491753519,0.0116870310747923,0.0116870310747923,"H4C9/H4C12/H2BC11/H4C14/AURKB/CENPA/PARP1/ESR1/H4C5/TONSL/PLK1/RAD21/H4C8/LEF1/UHRF1/H4C4/H2AC8/H4C11",18
"GO:0001906","cell killing","44/2174","181/14866",0.243093922651934,1.66229726501548,3.71024397531204,0.000365282459886982,0.0126623080893709,0.0126623080893709,"CXCL10/MICB/TOR2A/IGHG1/LYZ/CXCL13/FCGR1A/NECTIN4/H2BC11/KIR2DL4/IGHE/ULBP2/GBP5/FCGR3A/STXBP2/CCL19/FADD/ULBP1/KRT6A/CCL11/C8G/RAET1L/IL12B/CXCL9/DCD/CORO1A/TIGIT/CCL20/CD1B/CCL17/TREM1/CD2/GZMB/CD1A/IL21/NECTIN2/PGLYRP4/GZMA/AZU1/STAP1/CHGA/RASGRP1/CXCL11/H2BC12",44
"GO:0007080","mitotic metaphase chromosome alignment","21/2174","67/14866",0.313432835820896,2.14328083593074,3.88169434553877,0.000390487632406134,0.0133695633544405,0.0133695633544405,"CDCA8/KIF18A/AURKB/CENPA/RRS1/CHMP4BP1/CDK1/KIF2C/NDC80/CENPE/SKA1/KIF14/KIFC1/CDT1/BIRC5/KIF22/SKA3/NUF2/TTK/PSRC1/CCNB1",21
"GO:0060993","kidney morphogenesis","19/2174","58/14866",0.327586206896552,2.24006281128065,3.91612614138865,0.000390862355570283,0.0133695633544405,0.0133695633544405,"AGT/FOXJ1/KIF26B/PAX2/GATA3/MAGED1/FOXD1/SIX4/HOXA11/BASP1/WT1/STAT1/GDNF/SHH/WNK4/HS3ST3A1/SIX2/NPNT/WNT7B",19
"GO:0060986","endocrine hormone secretion","16/2174","45/14866",0.355555555555556,2.43131963610344,3.97970909451559,0.000393490782260614,0.0133709203314215,0.0133709203314215,"AGT/KISS1/SPP1/FOXD1/KCNK9/INHBA/TACR3/RAB11FIP1/GDF9/RETN/WNK4/KISS1R/OPRK1/UCN/INHA/GAL",16
"GO:0007052","mitotic spindle organization","34/2174","130/14866",0.261538461538462,1.78842261694148,3.73669919746136,0.000400640088990486,0.0135248762067703,0.0135248762067703,"CDCA8/KIF15/TPX2/TUBG1/KIF4A/AURKB/KIF23/CHMP4BP1/FAM110A/RCC1/DLGAP5/CENPH/PLK1/WDR62/NDC80/STMN1/CENPE/STIL/KIF11/FSD1/KIFC1/BIRC5/UHRF1/AURKA/MISP/NUF2/SPC25/PRC1/TTK/RACGAP1/TACC3/GPSM2/PSRC1/CCNB1",34
"GO:0098974","postsynaptic actin cytoskeleton organization","9/2174","18/14866",0.5,3.41904323827047,4.2500407985472,0.000417257676770896,0.0139041025840108,0.0139041025840108,"SH3GL2/POTEKP/RAC3/POTEI/POTEE/EZR/SRCIN1/ACTN2/ACTL8",9
"GO:1902101","positive regulation of metaphase/anaphase transition of cell cycle","9/2174","18/14866",0.5,3.41904323827047,4.2500407985472,0.000417257676770896,0.0139041025840108,0.0139041025840108,"ANAPC11/UBE2C/DLGAP5/PLK1/SKA1/ESPL1/MAPK15/SKA3/CDC20",9
"GO:0006270","DNA replication initiation","14/2174","37/14866",0.378378378378378,2.58738407220468,4.00105151080583,0.000433185610885642,0.01416078278623,0.01416078278623,"MCM2/CDC6/ORC1/MCIDAS/CDC45/MCM4/DTL/MCM10/CDT1/TICRR/POLA2/MCM6/ORC6/LRWD1",14
"GO:0030261","chromosome condensation","14/2174","37/14866",0.378378378378378,2.58738407220468,4.00105151080583,0.000433185610885642,0.01416078278623,0.01416078278623,"NCAPG2/NCAPG/CDK1/H1-4/SMC4/H1-5/PLK1/CTPS1/TOP2A/NCAPH/HMGA2/H1-2/CCNB1/H1-3",14
"GO:0060675","ureteric bud morphogenesis","14/2174","37/14866",0.378378378378378,2.58738407220468,4.00105151080583,0.000433185610885642,0.01416078278623,0.01416078278623,"AGT/KIF26B/PAX2/GATA3/MAGED1/FOXD1/SIX4/HOXA11/WT1/GDNF/SHH/HS3ST3A1/SIX2/NPNT",14
"GO:0098659","inorganic cation import across plasma membrane","30/2174","111/14866",0.27027027027027,1.8481314801462,3.71195122234726,0.000472723277088128,0.0152600982885011,0.0152600982885011,"ATP1A3/CACNA1E/KCNJ6/HCN2/KCNH2/SLC39A1/KCNJ10/P2RX5/SLC30A8/TRPM2/LCN2/ATP1A4/IFNG/KCNK9/HCN4/CACNA1I/MS4A1/AKAP5/CACNA1B/SLC39A6/KCNJ3/KCNJ11/SLC39A4/CACNA1D/SLC39A11/PCSK9/CACNA1H/SLC24A2/CNGA3/SLC5A2",30
"GO:0099587","inorganic ion import across plasma membrane","30/2174","111/14866",0.27027027027027,1.8481314801462,3.71195122234726,0.000472723277088128,0.0152600982885011,0.0152600982885011,"ATP1A3/CACNA1E/KCNJ6/HCN2/KCNH2/SLC39A1/KCNJ10/P2RX5/SLC30A8/TRPM2/LCN2/ATP1A4/IFNG/KCNK9/HCN4/CACNA1I/MS4A1/AKAP5/CACNA1B/SLC39A6/KCNJ3/KCNJ11/SLC39A4/CACNA1D/SLC39A11/PCSK9/CACNA1H/SLC24A2/CNGA3/SLC5A2",30
"GO:0017156","calcium-ion regulated exocytosis","19/2174","59/14866",0.322033898305085,2.20209564498776,3.82894110542875,0.0004984942952993,0.0159920685417446,0.0159920685417446,"SYT17/SYT13/BAIAP3/UNC13A/DOC2A/CDK5/SYT5/STXBP2/CBARP/RIMS1/HYAL3/SYT9/CACNA1B/SYT1/SYT7/CADPS/RIMS2/STX1A/RAB3A",19
"GO:0051177","meiotic sister chromatid cohesion","8/2174","15/14866",0.533333333333333,3.64697945415517,4.24488125311849,0.00050690890666759,0.0160624816131172,0.0160624816131172,"SGO1/REC8/BUB1/RAD21/SGO2/SMC1B/BUB1B/HORMAD1",8
"GO:0072074","kidney mesenchyme development","8/2174","15/14866",0.533333333333333,3.64697945415517,4.24488125311849,0.00050690890666759,0.0160624816131172,0.0160624816131172,"PAX2/FOXD1/SIX4/BASP1/WT1/STAT1/SHH/SIX2",8
"GO:0051046","regulation of secretion","98/2174","488/14866",0.200819672131148,1.37322228422339,3.46956823331597,0.000529432871872844,0.0166739072147759,0.0166739072147759,"SYT17/AGT/SYN1/ABAT/ALDOA/PTPRN2/PLA2G3/NTSR1/SYT13/DNAJC1/ABCA12/BAIAP3/KISS1/SLC30A8/CSPG5/UNC13D/CCL5/SPP1/RIMS4/RAB26/SLC25A22/DOC2A/CDK5/NKX6-1/ADAM8/SYT5/STXBP2/ANKRD1/SLC4A8/ILDR1/CBARP/PLA2G10/IDH2/IFNG/RIMS1/CHRNB4/SLC6A4/SDC1/KCNK9/RUFY4/TIFAB/OSM/BLK/ADORA2A/CD177/NMU/XBP1/INHBA/IL12B/TACR3/SCT/HYAL3/SYT9/RAB11FIP1/FGB/ERBB3/PASK/GDF9/PTPRN/RETN/CACNA1B/SYT1/IL11/TRPA1/UQCC2/CACNG4/GPR158/GDNF/FGG/CAMK2A/KCNJ11/CORIN/VAMP8/PNOC/SYT7/KISS1R/GHRH/OPRK1/UCN/CHRNA6/MYB/RSAD2/PYY/OAS2/CADPS/BMP8A/BRSK2/INHA/GAL/RIMS2/CHGA/TFR2/SOX11/KMO/STX1A/RAB3A/DRD4/CAMP",98
"GO:0045931","positive regulation of mitotic cell cycle","28/2174","102/14866",0.274509803921569,1.87712177787398,3.67879135041977,0.000548534578403191,0.0171707945300151,0.0171707945300151,"CDC25C/ANAPC11/MTBP/FOXA1/CDC7/CDC6/CCNE1/UBE2C/CCNE2/CDK1/DLGAP5/RRM2/PLK1/SKA1/DTL/EIF4EBP1/STIL/CDC25A/ESPL1/BIRC5/AURKA/CCND1/SKA3/CDC20/CDC25B/TERT/RCC2/CCNB1",28
"GO:0022617","extracellular matrix disassembly","20/2174","64/14866",0.3125,2.13690202391904,3.77224612950177,0.00055604352638763,0.0173009928541693,0.0173009928541693,"MMP1/FAP/GDPD2/PLAUR/ADAM8/MMP13/TMPRSS6/HPN/MMP12/MMP11/MMP14/MMP9/PLAU/KLK4/CARMIL2/FGFR4/MMP10/MMP8/PRSS2/MMP3",20
"GO:0000727","double-strand break repair via break-induced replication","7/2174","12/14866",0.583333333333333,3.98888377798221,4.28672018665346,0.000569678725269911,0.0174105953610597,0.0174105953610597,"MCM2/CDC7/GINS4/CDC45/MCM4/GINS2/MCM6",7
"GO:0051255","spindle midzone assembly","7/2174","12/14866",0.583333333333333,3.98888377798221,4.28672018665346,0.000569678725269911,0.0174105953610597,0.0174105953610597,"CDCA8/KIF4A/AURKB/KIF23/BIRC5/PRC1/RACGAP1",7
"GO:1903251","multi-ciliated epithelial cell differentiation","7/2174","12/14866",0.583333333333333,3.98888377798221,4.28672018665346,0.000569678725269911,0.0174105953610597,0.0174105953610597,"FOXJ1/CCDC78/MCIDAS/PLK4/DEUP1/WFDC2/CCNO",7
"GO:0045652","regulation of megakaryocyte differentiation","11/2174","26/14866",0.423076923076923,2.89303658622886,3.99830505476961,0.000587283619971207,0.0177387128488379,0.0177387128488379,"H4C9/H4C12/THPO/H4C14/CIB1/H4C5/HMGB2/H4C8/MYB/H4C4/H4C11",11
"GO:0051315","attachment of mitotic spindle microtubules to kinetochore","11/2174","26/14866",0.423076923076923,2.89303658622886,3.99830505476961,0.000587283619971207,0.0177387128488379,0.0177387128488379,"CDCA8/AURKB/CDK1/KIF2C/NDC80/CENPE/SKA1/CDT1/BIRC5/SKA3/NUF2",11
"GO:0045143","homologous chromosome segregation","14/2174","38/14866",0.368421052631579,2.51929501767298,3.88096582271195,0.000594479233696685,0.0178516583839731,0.0178516583839731,"P3H4/SGO1/ZWINT/KNL1/PTTG1/TRIP13/FANCD2/TEX11/SGO2/KASH5/SYCP2/HORMAD1/SYCE3/MAJIN",14
"GO:2000242","negative regulation of reproductive process","13/2174","34/14866",0.382352941176471,2.61456247632448,3.9006919133885,0.000614202072749299,0.0183373046575152,0.0183373046575152,"ZWINT/KNL1/CALR/WT1/SULF1/TRIP13/PKMYT1/TIMP1/FBXO43/HORMAD1/TTK/ASTL/PAEP",13
"GO:0032963","collagen metabolic process","26/2174","93/14866",0.279569892473118,1.91172310096843,3.65020519839629,0.000629957682442541,0.0186187162537631,0.0186187162537631,"MMP1/P3H4/FAP/ADAMTS14/SCX/CBX8/MMP13/COL1A1/MMP25/TMPRSS6/INHBA/PRTN3/MMP12/MMP11/MMP14/MMP9/CREB3L1/MMP10/UCN/RCN3/MYB/MMP8/PRSS2/SERPINB7/MMP3/COL5A1",26
"GO:0048706","embryonic skeletal system development","19/2174","60/14866",0.316666666666667,2.16539405090463,3.74349057789543,0.000630837433573773,0.0186187162537631,0.0186187162537631,"DLX4/TBX1/SCX/DLX2/COL1A1/HOXA11/DLX6/HOXC4/DLX5/SULF1/COL2A1/DLX3/SULF2/HOXC11/SLC2A10/HOXB9/IRX5/SOX11/DLX1",19
"GO:0065004","protein-DNA complex assembly","39/2174","159/14866",0.245283018867925,1.67726649424589,3.55339348367196,0.000634872972845264,0.0186313574133283,0.0186313574133283,"TAF7L/CHAF1A/H4C9/H4C12/H2BC4/H3C3/RAD51/H3C2/H2BC21/H2BC9/H3C12/H2BC6/H2BC11/H4C14/H2BC7/CDC45/ASF1B/ESR1/CHAF1B/H4C5/DRAP1/H1-4/H1-5/HMGB2/H4C8/MACROH2A1/CDT1/H3C8/H2BC8/H2AX/H2BC15/H4C4/ATAD2/H3C6/H3C10/H4C11/H1-2/H2BC13/H1-3",39
"GO:0042391","regulation of membrane potential","74/2174","353/14866",0.209631728045326,1.43347988460065,3.41133915504589,0.000711322788609867,0.0207569615998303,0.0207569615998303,"CHRNA5/GRIA2/CHRNA9/AGT/KCNC1/CLCN2/ABAT/GABRA3/ATP1A3/NTSR1/HCN2/IFI6/KCNH2/GABRD/KCNH1/P2RX5/KISS1/SLC8A2/P2RX2/PMAIP1/RIMS4/SLC4A8/MAPK8IP2/KCNF1/KCNG3/PARP1/GRIK4/RIMS1/CHRNB4/RGS4/SLC6A4/KCNK9/MLLT11/KCNC2/ADORA2A/UNC80/KCNK5/CDKN2A/HTR3A/KCNH6/HCN4/SYT1/TRPA1/KCNJ3/KCNJ11/GRIN1/OPRD1/CACNB3/KCNK1/CNR2/PNOC/KISS1R/KCNS3/PYCR1/BAK1/GRIN2C/CACNA1D/INSYN2A/CHRNA6/GRIN2D/INSYN1/BAX/CACNA1H/GRIN3B/CHRNA1/ACTN2/KCNG2/RIMS2/ASIC3/RGS7/STX1A/KCNG1/KCNE4/DRD4",74
"GO:2000027","regulation of animal organ morphogenesis","15/2174","43/14866",0.348837209302326,2.38537900344451,3.76514728570442,0.000747898153711015,0.021604557370039,0.021604557370039,"AGT/TBX1/GATA3/WNT3A/MAGED1/SIX4/GATA5/ROBO2/WT1/SULF1/GDNF/SHH/DKK1/SIX2/SAPCD2",15
"GO:1902750","negative regulation of cell cycle G2/M phase transition","21/2174","70/14866",0.3,2.05142594296228,3.64924265226965,0.000748734902078797,0.021604557370039,0.021604557370039,"CDC7/BLM/CDC6/ORC1/AURKB/DONSON/CDK1/PKMYT1/BARD1/PLK1/GPR132/RAD21/DTL/CHEK1/CLSPN/MACROH2A1/BRCA1/HUS1B/TICRR/BRSK1/DBF4",21
"GO:0007420","brain development","93/2174","464/14866",0.200431034482759,1.37056474637566,3.35628538907553,0.000774177920992231,0.0222146053440271,0.0222146053440271,"FOXJ1/KCNC1/ABAT/RARA/SLC23A1/NKX2-2/NCAPG2/SOX12/ZIC2/MAG/SLC1A1/PAX2/SYNGR3/WNT3A/NEFL/ASCL1/INA/CNTNAP2/DLX2/SLC6A17/ROGDI/HTR6/CDK5R1/FAIM2/PAX6/COL3A1/BASP1/ROBO2/POTEE/CENPF/OTX1/SLC6A4/ARHGAP11B/CNTN5/KCNC2/POMK/CHD5/MFSD2A/INHBA/KDM4B/MBOAT7/SHROOM2/CTNNA2/SCT/TTBK1/SMC4/MAST1/WDR62/SEZ6L/AIM2/SEZ6L2/CFL1/STIL/GPR158/CEND1/NRCAM/KIF14/SEZ6/RTN4RL2/DRAXIN/SHH/RTN4R/GRIN1/SRD5A2/PLXNA3/GHRH/APLP1/LRP8/EOMES/DKK1/SLIT1/HSD17B7/SIX3/EZH2/EFNA2/GRIN2C/EPHB2/GRIN2D/KNDC1/EMX1/SOX2/SLC2A1/CXCR4/TACC3/SOX11/EN1/MDK/ZIC1/ARNT2/WNT7B/VAX2/DMBX1/MEIS3",93
"GO:0046651","lymphocyte proliferation","48/2174","209/14866",0.229665071770335,1.57046962140653,3.4374019295759,0.000800600813243375,0.022619022753784,0.022619022753784,"FOXJ1/SCRIB/TNFRSF4/CR2/TNFSF4/IL18/PLA2G2D/HELLS/GAPT/CCL5/IGHE/FCGR3A/LGALS9C/TNFRSF13C/CCL19/FADD/TFRC/EPO/FLT3/SLC11A1/IL12B/CDKN2A/CD19/MS4A1/LGALS9B/TNFSF13B/IL27/CD6/CTPS1/FCRL3/SHH/CD24/IKZF3/FOXP3/IL21/EPHB2/IL12RB2/CD79A/GAL/VAV3/CTLA4/IL4I1/SOX11/CD80/PRLR/PYCARD/RASGRP1/MZB1",48
"GO:0009072","aromatic amino acid metabolic process","14/2174","39/14866",0.358974358974359,2.45469770952752,3.76465870042174,0.000803932077838228,0.022619022753784,0.022619022753784,"ACMSD/IDO1/TH/TDO2/QPRT/HGD/PAH/SLC45A2/IDO2/HPDL/FTCD/IYD/IL4I1/KMO",14
"GO:0072171","mesonephric tubule morphogenesis","14/2174","39/14866",0.358974358974359,2.45469770952752,3.76465870042174,0.000803932077838228,0.022619022753784,0.022619022753784,"AGT/KIF26B/PAX2/GATA3/MAGED1/FOXD1/SIX4/HOXA11/WT1/GDNF/SHH/HS3ST3A1/SIX2/NPNT",14
"GO:0090200","positive regulation of release of cytochrome c from mitochondria","10/2174","23/14866",0.434782608695652,2.97308107675693,3.91917991355213,0.000805789000328412,0.022619022753784,0.022619022753784,"PLAUR/PMAIP1/MLLT11/BBC3/GZMK/MMP9/BAK1/BIK/BAX/PYCARD",10
"GO:1902850","microtubule cytoskeleton organization involved in mitosis","38/2174","156/14866",0.243589743589744,1.6656877314651,3.45918437655482,0.000851300996448246,0.0237674034954335,0.0237674034954335,"CDCA8/KIF15/TPX2/TUBG1/KIF4A/AURKB/CENPA/KIF23/CHMP4BP1/FAM110A/RCC1/CDK1/DLGAP5/CENPH/PLK1/WDR62/NDC80/STMN1/CENPE/STIL/KIF11/FSD1/KIFC1/ESPL1/BIRC5/UHRF1/AURKA/MISP/NUF2/SPC25/PRC1/TTK/RACGAP1/TACC3/GPSM2/PSRC1/SAPCD2/CCNB1",38
"GO:0072028","nephron morphogenesis","16/2174","48/14866",0.333333333333333,2.27936215884698,3.6742315270104,0.000890725152023501,0.0246021144930555,0.0246021144930555,"AGT/KIF26B/PAX2/GATA3/MAGED1/FOXD1/SIX4/HOXA11/WT1/STAT1/GDNF/SHH/WNK4/HS3ST3A1/SIX2/NPNT",16
"GO:0072088","nephron epithelium morphogenesis","16/2174","48/14866",0.333333333333333,2.27936215884698,3.6742315270104,0.000890725152023501,0.0246021144930555,0.0246021144930555,"AGT/KIF26B/PAX2/GATA3/MAGED1/FOXD1/SIX4/HOXA11/WT1/STAT1/GDNF/SHH/WNK4/HS3ST3A1/SIX2/NPNT",16
"GO:0044774","mitotic DNA integrity checkpoint signaling","21/2174","71/14866",0.295774647887324,2.02253261982197,3.57434160145885,0.000918963430406271,0.0252470538194063,0.0252470538194063,"CDC7/BLM/CDC6/TIMELESS/ORC1/EME1/DONSON/EME2/CDK1/FANCD2/PLK1/DTL/CHEK1/CLSPN/BRCA1/MUC1/HUS1B/CCND1/TICRR/BRSK1/DBF4",21
"GO:0032943","mononuclear cell proliferation","48/2174","211/14866",0.227488151658768,1.55558365343111,3.36391466735187,0.000996023404773133,0.0270983119039994,0.0270983119039994,"FOXJ1/SCRIB/TNFRSF4/CR2/TNFSF4/IL18/PLA2G2D/HELLS/GAPT/CCL5/IGHE/FCGR3A/LGALS9C/TNFRSF13C/CCL19/FADD/TFRC/EPO/FLT3/SLC11A1/IL12B/CDKN2A/CD19/MS4A1/LGALS9B/TNFSF13B/IL27/CD6/CTPS1/FCRL3/SHH/CD24/IKZF3/FOXP3/IL21/EPHB2/IL12RB2/CD79A/GAL/VAV3/CTLA4/IL4I1/SOX11/CD80/PRLR/PYCARD/RASGRP1/MZB1",48
"GO:1903530","regulation of secretion by cell","90/2174","450/14866",0.2,1.36761729530819,3.2773815194046,0.00100069333861774,0.0270983119039994,0.0270983119039994,"SYT17/AGT/SYN1/ABAT/ALDOA/PLA2G3/NTSR1/SYT13/DNAJC1/ABCA12/BAIAP3/KISS1/SLC30A8/CSPG5/UNC13D/CCL5/SPP1/RIMS4/RAB26/SLC25A22/DOC2A/CDK5/NKX6-1/ADAM8/SYT5/STXBP2/ANKRD1/SLC4A8/ILDR1/CBARP/PLA2G10/IDH2/IFNG/RIMS1/CHRNB4/SLC6A4/SDC1/KCNK9/RUFY4/OSM/BLK/ADORA2A/CD177/NMU/INHBA/IL12B/TACR3/SCT/HYAL3/SYT9/RAB11FIP1/FGB/PASK/GDF9/RETN/CACNA1B/SYT1/IL11/TRPA1/UQCC2/CACNG4/GPR158/GDNF/FGG/CAMK2A/KCNJ11/VAMP8/PNOC/SYT7/KISS1R/GHRH/OPRK1/UCN/CHRNA6/MYB/RSAD2/CADPS/BMP8A/BRSK2/INHA/GAL/RIMS2/CHGA/TFR2/SOX11/KMO/STX1A/RAB3A/DRD4/CAMP",90
"GO:0001704","formation of primary germ layer","23/2174","81/14866",0.283950617283951,1.94167887605483,3.51707693336792,0.00100208665511401,0.0270983119039994,0.0270983119039994,"COL8A1/PAX2/SCX/WNT3A/HOXA11/VTN/MESP2/COL11A1/INHBA/MMP14/MMP9/TBX20/MACROH2A1/EOMES/DKK1/FN1/HMGA2/MMP8/COL12A1/SIX2/SOX2/COL5A1/COL5A2",23
"GO:0050795","regulation of behavior","20/2174","67/14866",0.298507462686567,2.04121984374356,3.53517443212613,0.00106166585193944,0.0285599173191002,0.0285599173191002,"HTR1D/NTSR1/BAIAP3/STRA6/PARP1/ADORA2A/NMU/TACR3/GRPR/NPY1R/RETN/AIM2/MCHR1/PCSK1N/GHRH/OPRK1/UCN/EPHB2/PYY/MDK",20
"GO:0015711","organic anion transport","74/2174","358/14866",0.206703910614525,1.41345921582131,3.27731066605172,0.00107340734490773,0.0287182549108651,0.0287182549108651,"SLC52A2/ABAT/SLC25A10/PLA2G3/CRABP1/SLC35A2/SLC23A1/ABCC5/NTSR1/PRAF2/PLA2G2D/SLC19A1/SLC1A1/SLC38A5/SLC26A9/SLC6A17/SLC4A10/SLC25A22/SLC27A2/SLC7A2/SLC4A8/SLC6A9/SLC52A1/SLC7A5/SLC29A3/PLA2G10/RBP2/LYPLA1/RGS4/SLC2A14/CALHM1/SLC17A9/SLC6A11/ADORA2A/MFSD2A/LLGL2/GIPC1/SLC52A3/SLC1A2/SLC7A11/SLC10A4/SLC6A15/PLA2G2C/SLC39A6/SLC2A10/SLC2A6/SFXN5/SLC16A6/TTYH3/KCNK1/PNOC/SLC7A13/SLC25A39/SLC39A4/SLC7A8/SLC16A3/SFXN1/SLC22A20P/CALHM6/SLC1A6/SLC37A1/SLC5A8/SLCO5A1/SLC2A1/SLC44A4/SLC1A4/SFXN2/KMO/RTBDN/CRABP2/SLC27A4/DRD4/RBP1/FABP6",74
"GO:0048172","regulation of short-term neuronal synaptic plasticity","7/2174","13/14866",0.538461538461538,3.68204656429127,4.00385272340021,0.00107867211088245,0.0287182549108651,0.0287182549108651,"SLC8A2/SLC4A10/PPFIA3/SYP/SHISA9/SHISA8/RAB3A",7
"GO:0015804","neutral amino acid transport","16/2174","49/14866",0.326530612244898,2.23284456376847,3.57744873477455,0.00114548861468205,0.0301803387839265,0.0301803387839265,"SLC1A1/SLC38A5/SLC6A17/SLC6A9/SLC7A5/RGS4/LLGL2/SLC1A2/SLC7A11/SLC6A15/SLC7A13/SLC7A8/SFXN1/SLC1A6/SLC1A4/SFXN2",16
"GO:0042220","response to cocaine","13/2174","36/14866",0.361111111111111,2.46930900541756,3.65292714159785,0.00115111843958055,0.0301803387839265,0.0301803387839265,"ABAT/CCNA2/SLC1A1/FADD/RGS4/SLC6A4/TACR3/SLC1A2/CACNG4/PNOC/OPRK1/EN1/DRD4",13
"GO:0044060","regulation of endocrine process","13/2174","36/14866",0.361111111111111,2.46930900541756,3.65292714159785,0.00115111843958055,0.0301803387839265,0.0301803387839265,"AGT/KISS1/SPP1/KCNK9/INHBA/TACR3/GDF9/RETN/KISS1R/OPRK1/UCN/INHA/GAL",13
"GO:0006865","amino acid transport","31/2174","122/14866",0.254098360655738,1.73754656371122,3.3853914505162,0.0011839788706223,0.0308851053876979,0.0308851053876979,"ABAT/NTSR1/PRAF2/SLC1A1/SLC38A5/SLC6A17/SLC25A22/SLC7A2/SLC6A9/SLC7A5/RGS4/SLC6A4/SLC6A11/ADORA2A/LLGL2/GIPC1/SLC1A2/SLC7A11/SLC6A15/SLC22A15/SFXN5/TTYH3/KCNK1/PNOC/SLC7A13/SLC7A8/SFXN1/SLC1A6/SLC1A4/SFXN2/KMO",31
"GO:0033313","meiotic cell cycle checkpoint signaling","6/2174","10/14866",0.6,4.10285188592456,4.0621625190514,0.00119973275215623,0.0310744345118118,0.0310744345118118,"ZWINT/KNL1/TRIP13/HUS1B/HORMAD1/TTK",6
"GO:0002526","acute inflammatory response","23/2174","82/14866",0.280487804878049,1.91799986537124,3.44985436421223,0.00120326948738865,0.0310744345118118,0.0310744345118118,"IGHG1/TNFSF4/F12/PLA2G2D/GATA3/NLRP6/C2CD4A/FCGR1A/LCN2/IGHE/FCGR3A/ADAM8/SIGIRR/FUT7/TFRC/OSM/EPO/F7/CCR7/ORM1/CD6/FN1/ORM2",23
"GO:0042531","positive regulation of tyrosine phosphorylation of STAT protein","11/2174","28/14866",0.392857142857143,2.68639111578394,3.69655211029496,0.00123262210498589,0.0316740953843388,0.0316740953843388,"TNFRSF18/IL18/PARP9/IFNG/OSM/FLT3/IL2RG/IL31RA/IL21/FGFR3/IL20",11
"GO:1901976","regulation of cell cycle checkpoint","17/2174","54/14866",0.314814814814815,2.15273092779993,3.51208621611962,0.00128730404481306,0.0328680453566634,0.0328680453566634,"CDCA8/TELO2/RAD51/ZWINT/AURKB/KNL1/BRCA2/MAD2L1/WDR76/BARD1/NDC80/GEN1/SKA1/BRCA1/BIRC5/SKA3/CCNB1",17
"GO:0060322","head development","96/2174","489/14866",0.196319018404908,1.34244642484239,3.18683900945611,0.00129181281847099,0.0328680453566634,0.0328680453566634,"FOXJ1/KCNC1/ABAT/RARA/SLC23A1/NKX2-2/NCAPG2/SOX12/TBX1/ZIC2/MAG/SLC1A1/PAX2/SCX/SYNGR3/WNT3A/NEFL/ASCL1/INA/CNTNAP2/DLX2/SLC6A17/ROGDI/STRA6/HTR6/CDK5R1/FAIM2/PAX6/COL3A1/BASP1/ROBO2/POTEE/CENPF/OTX1/SLC6A4/ARHGAP11B/CNTN5/KCNC2/POMK/CHD5/MFSD2A/INHBA/KDM4B/MBOAT7/SHROOM2/CTNNA2/SCT/TTBK1/SMC4/MAST1/WDR62/SEZ6L/AIM2/SEZ6L2/CFL1/STIL/GPR158/CEND1/NRCAM/KIF14/SEZ6/RTN4RL2/DRAXIN/SHH/RTN4R/GRIN1/SRD5A2/PLXNA3/GHRH/APLP1/LRP8/EOMES/DKK1/SLIT1/HSD17B7/SIX3/EZH2/EFNA2/GRIN2C/EPHB2/GRIN2D/KNDC1/EMX1/SOX2/SLC2A1/CXCR4/TACC3/SOX11/EN1/MDK/ZIC1/ARNT2/WNT7B/VAX2/DMBX1/MEIS3",96
"GO:0010972","negative regulation of G2/M transition of mitotic cell cycle","20/2174","68/14866",0.294117647058824,2.01120190486498,3.45890009954164,0.00130061917609419,0.0329298923751299,0.0329298923751299,"CDC7/BLM/CDC6/ORC1/AURKB/DONSON/CDK1/PKMYT1/BARD1/PLK1/GPR132/RAD21/DTL/CHEK1/CLSPN/BRCA1/HUS1B/TICRR/BRSK1/DBF4",20
"GO:0048608","reproductive structure development","32/2174","128/14866",0.25,1.70952161913523,3.33655690862452,0.00133236970121862,0.033569217106313,0.033569217106313,"RARA/SCX/GATA3/CRIP1/AMH/SIX4/STRA6/HOXA11/BASP1/ROBO2/WT1/TIFAB/GFRA1/SULF1/INHBA/TACR3/HYAL3/GDF9/PTPRN/MMP14/RETN/SHH/CGA/BMPR1B/GATA4/SRD5A2/CCND1/BIK/HOXD13/IRX5/INHA/HOXB13",32
"GO:0071824","protein-DNA complex organization","41/2174","176/14866",0.232954545454545,1.59296332692147,3.2750690830988,0.00139073622184163,0.0348696727466602,0.0348696727466602,"TAF7L/CHAF1A/H4C9/H4C12/H2BC4/H3C3/RAD51/H3C2/H2BC21/H2BC9/H3C12/H2BC6/H2BC11/H4C14/H2BC7/CDC45/ASF1B/HMGA1/ESR1/CHAF1B/H4C5/DRAP1/H1-4/H1-5/HMGB2/H4C8/MACROH2A1/CDT1/H3C8/H2BC8/H2AX/H2BC15/H4C4/NFE2/ATAD2/H3C6/H3C10/H4C11/H1-2/H2BC13/H1-3",41
"GO:0031630","regulation of synaptic vesicle fusion to presynaptic active zone membrane","8/2174","17/14866",0.470588235294118,3.21792304778397,3.78677521518094,0.00145717535585132,0.0357346917080786,0.0357346917080786,"SYT13/DOC2A/SYT5/SYT9/SYT1/SYT7/PRRT2/RAB3A",8
"GO:0045842","positive regulation of mitotic metaphase/anaphase transition","8/2174","17/14866",0.470588235294118,3.21792304778397,3.78677521518094,0.00145717535585132,0.0357346917080786,0.0357346917080786,"ANAPC11/UBE2C/DLGAP5/PLK1/SKA1/ESPL1/SKA3/CDC20",8
"GO:0048663","neuron fate commitment","8/2174","17/14866",0.470588235294118,3.21792304778397,3.78677521518094,0.00145717535585132,0.0357346917080786,0.0357346917080786,"PRDM12/ASCL1/EPOP/PAX6/MNX1/ESRP1/FOXN4/SHH",8
"GO:1901632","regulation of synaptic vesicle membrane organization","8/2174","17/14866",0.470588235294118,3.21792304778397,3.78677521518094,0.00145717535585132,0.0357346917080786,0.0357346917080786,"SYT13/DOC2A/SYT5/SYT9/SYT1/SYT7/PRRT2/RAB3A",8
"GO:0007586","digestion","25/2174","93/14866",0.268817204301075,1.83819528939273,3.35582678486781,0.00146674823661426,0.0357346917080786,0.0357346917080786,"MUC13/MUC6/UGCG/INAVA/CEL/EZR/PNLIPRP2/TIFAB/NMU/MUC2/CLPSL2/SCT/VSIG1/CAPN9/CLPSL1/NOD2/TFF3/OPRK1/HSPB1/TFF1/CLPS/PRSS2/CRACD/VIL1/MDK",25
"GO:0099565","chemical synaptic transmission, postsynaptic","25/2174","93/14866",0.268817204301075,1.83819528939273,3.35582678486781,0.00146674823661426,0.0357346917080786,0.0357346917080786,"CHRNA5/CHRNA9/ABAT/NTSR1/P2RX5/SLC8A2/P2RX2/MAPK8IP2/RIMS1/CHRNB4/RGS4/ADORA2A/HTR3A/SYT1/GRIN1/PNOC/GRIN2C/INSYN2A/CHRNA6/GRIN2D/INSYN1/CHRNA1/RIMS2/STX1A/DRD4",25
"GO:0071805","potassium ion transmembrane transport","39/2174","166/14866",0.234939759036145,1.60653838906685,3.2523768791542,0.00151964430254207,0.0368495907165719,0.0368495907165719,"KCNC1/SLC12A5/ATP1A3/KCNJ6/HCN2/KCNH2/KCNJ10/DPP10/KCNH1/KCNQ5/ATP1A4/KCNF1/KCNG3/SLC12A3/RGS4/KCNK9/KCNC2/KCNK5/HPN/KCNH6/HCN4/LRRC26/KCNJ3/KCNJ11/KCNK15/WNK4/KCNK1/KCNS3/OPRK1/CACNA1D/SLC12A8/KCNK10/SLC12A1/KCNG2/KCNK6/KCNG1/KCNE4/SLC24A2/KCNQ3",39
"GO:0061458","reproductive system development","32/2174","129/14866",0.248062015503876,1.69626951356054,3.28711492414669,0.00152837696016844,0.0368881635479907,0.0368881635479907,"RARA/SCX/GATA3/CRIP1/AMH/SIX4/STRA6/HOXA11/BASP1/ROBO2/WT1/TIFAB/GFRA1/SULF1/INHBA/TACR3/HYAL3/GDF9/PTPRN/MMP14/RETN/SHH/CGA/BMPR1B/GATA4/SRD5A2/CCND1/BIK/HOXD13/IRX5/INHA/HOXB13",32
"GO:0033044","regulation of chromosome organization","52/2174","238/14866",0.218487394957983,1.49403570075684,3.17981263975187,0.00164170254920404,0.0389250644891448,0.0389250644891448,"ZWILCH/ANAPC11/CDCA8/CCT3/HASPIN/CDC6/DPF1/NEK2/ZWINT/AURKB/UBE2C/KNL1/NCAPG/PARP1/TFPT/CENPF/MAD2L1/TRIP13/PKIB/CDK1/DLGAP5/NVL/SMC4/PLK1/RUVBL1/NDC80/KNTC1/GEN1/BUB1/SPC24/CENPE/CTPS1/SKA1/RAD21/NCAPH/TEX14/MACROH2A1/ESPL1/BIRC5/MAPK15/PIF1/SKA3/BUB1B/FEN1/NUF2/CDC20/SPC25/TTK/TACC3/RMI2/CCNB1/BUB3",52
"GO:0048168","regulation of neuronal synaptic plasticity","15/2174","46/14866",0.326086956521739,2.2298108075677,3.45732585714957,0.00164376057355276,0.0389250644891448,0.0389250644891448,"SLC8A2/SLC4A10/NETO1/JPH3/PPFIA3/SYP/SHISA9/CAMK2A/GRIN1/SHISA8/GRIN2C/EPHB2/GRIN2D/RAB3A/NEURL1",15
"GO:0051445","regulation of meiotic cell cycle","15/2174","46/14866",0.326086956521739,2.2298108075677,3.45732585714957,0.00164376057355276,0.0389250644891448,0.0389250644891448,"CDC25C/ANAPC11/RAD51AP1/ZWINT/KNL1/TRIP13/PKMYT1/FBXO43/CDC25A/MAPK15/ASPM/HORMAD1/CDC20/CDC25B/TTK",15
"GO:0072078","nephron tubule morphogenesis","15/2174","46/14866",0.326086956521739,2.2298108075677,3.45732585714957,0.00164376057355276,0.0389250644891448,0.0389250644891448,"AGT/KIF26B/PAX2/GATA3/MAGED1/FOXD1/SIX4/HOXA11/WT1/GDNF/SHH/WNK4/HS3ST3A1/SIX2/NPNT",15
"GO:0001658","branching involved in ureteric bud morphogenesis","12/2174","33/14866",0.363636363636364,2.48657690056034,3.53815656453104,0.00165045287959782,0.0389250644891448,0.0389250644891448,"AGT/PAX2/MAGED1/FOXD1/SIX4/HOXA11/WT1/GDNF/SHH/HS3ST3A1/SIX2/NPNT",12
"GO:0098739","import across plasma membrane","50/2174","227/14866",0.220264317180617,1.5061864485773,3.18064304654626,0.00166449637782964,0.039077835415864,0.039077835415864,"ATP1A3/CACNA1E/NTSR1/CERS1/KCNJ6/HCN2/KCNH2/SLC39A1/SLC19A1/KCNJ10/SLC1A1/P2RX5/SLC30A8/TRPM2/SLC38A5/LCN2/ATP1A4/SLC7A2/SLC6A9/SLC7A5/IFNG/RGS4/KCNK9/SLC2A14/ERFE/HCN4/CACNA1I/SLC1A2/MS4A1/SLC7A11/AKAP5/CACNA1B/SLC15A1/SLC39A6/SLC2A10/KCNJ3/KCNJ11/SLC39A4/SLC7A8/CACNA1D/SLC1A6/SLC39A11/PCSK9/CACNA1H/SLC2A1/SLC1A4/SLC24A2/CNGA3/SLC5A2/SLC27A4",50
"GO:0042113","B cell activation","46/2174","205/14866",0.224390243902439,1.53439989229699,3.18866350005256,0.001685691448074,0.0393963634810054,0.0393963634810054,"PAX5/FOXJ1/TNFRSF4/CR2/TNFSF4/GAPT/KMT5C/IGHE/TNFRSF13C/IGHM/TFRC/SLAMF8/FLT3/XBP1/INHBA/CDKN2A/BATF/CD19/SMC4/MS4A1/NOD2/TNFSF13B/MMP14/IL11/TPD52/CTPS1/NCAPH/FCRL3/FCRL1/IKZF3/EZH2/CD27/IL21/EPHB2/IL12RB2/CD79A/INHA/VAV3/CTLA4/IL4I1/PRLR/BST2/RASGRP1/CFB/MZB1/SPIB",46
"GO:0015813","L-glutamate transmembrane transport","10/2174","25/14866",0.4,2.73523459061638,3.59371649604315,0.00174286779006524,0.0405491537643557,0.0405491537643557,"NTSR1/PRAF2/SLC1A1/SLC25A22/SLC1A2/SLC7A11/TTYH3/SLC7A13/SLC1A6/SLC1A4",10
"GO:0048729","tissue morphogenesis","72/2174","353/14866",0.203966005665722,1.39473718501685,3.10644729556743,0.00179888719227551,0.0416648087358879,0.0416648087358879,"CXCL10/AGT/SCRIB/KRT24/TCAP/TBX1/SYNE4/KIF26B/PAX2/SCX/GATA3/WNT3A/LCN2/TIMELESS/MICAL2/MAGED1/FOXD1/SIX4/LRG1/NKX2-5/GATA5/MYLK2/ANKRD1/HOXA11/COL3A1/PLA2G10/ROBO2/FOXN4/WT1/CELSR1/SULF1/KRT31/KRT6A/MESP2/KRT16/KRT19/GREB1L/MMP12/LBX2/DLX3/CAMSAP3/STAT1/TBX20/STIL/GDNF/ZFPM1/SHH/CARMIL2/WNK4/GATA4/TNNI3/HS3ST3A1/EOMES/DKK1/SIX3/RET/KRT37/BRSK1/ARTN/HMGA2/FOXH1/BRSK2/SIX2/SH3BP1/NPNT/SOX11/MDK/COL5A1/SAPCD2/WNT7B/GRHL3/ACTA1",72
"GO:1903532","positive regulation of secretion by cell","53/2174","245/14866",0.216326530612245,1.47925952349661,3.1304909324546,0.00187527251359122,0.0421704027552689,0.0421704027552689,"ABAT/ALDOA/PLA2G3/NTSR1/BAIAP3/KISS1/SLC30A8/UNC13D/SPP1/DOC2A/NKX6-1/ADAM8/ANKRD1/SLC4A8/ILDR1/PLA2G10/IFNG/SLC6A4/SDC1/RUFY4/BLK/ADORA2A/CD177/NMU/INHBA/TACR3/SCT/HYAL3/FGB/RETN/CACNA1B/SYT1/TRPA1/CACNG4/GPR158/GDNF/FGG/VAMP8/SYT7/KISS1R/GHRH/OPRK1/UCN/MYB/CADPS/INHA/GAL/TFR2/SOX11/KMO/STX1A/RAB3A/CAMP",53
"GO:0000212","meiotic spindle organization","7/2174","14/14866",0.5,3.41904323827047,3.74767889971881,0.00188603350173613,0.0421704027552689,0.0421704027552689,"DCAF13/TUBG1/TUBB8/NDC80/SKA1/AURKA/SKA3",7
"GO:0031632","positive regulation of synaptic vesicle fusion to presynaptic active zone membrane","7/2174","14/14866",0.5,3.41904323827047,3.74767889971881,0.00188603350173613,0.0421704027552689,0.0421704027552689,"SYT13/DOC2A/SYT5/SYT9/SYT1/SYT7/PRRT2",7
"GO:0045064","T-helper 2 cell differentiation","7/2174","14/14866",0.5,3.41904323827047,3.74767889971881,0.00188603350173613,0.0421704027552689,0.0421704027552689,"RARA/TNFSF4/IL18/GATA3/ASCL2/BATF/MYB",7
"GO:0048791","calcium ion-regulated exocytosis of neurotransmitter","7/2174","14/14866",0.5,3.41904323827047,3.74767889971881,0.00188603350173613,0.0421704027552689,0.0421704027552689,"CDK5/STXBP2/CACNA1B/SYT1/SYT7/RIMS2/RAB3A",7
"GO:0051447","negative regulation of meiotic cell cycle","7/2174","14/14866",0.5,3.41904323827047,3.74767889971881,0.00188603350173613,0.0421704027552689,0.0421704027552689,"ZWINT/KNL1/TRIP13/PKMYT1/FBXO43/HORMAD1/TTK",7
"GO:0099502","calcium-dependent activation of synaptic vesicle fusion","7/2174","14/14866",0.5,3.41904323827047,3.74767889971881,0.00188603350173613,0.0421704027552689,0.0421704027552689,"SYT13/DOC2A/SYT5/SYT9/SYT1/SYT7/PRRT2",7
"GO:1901634","positive regulation of synaptic vesicle membrane organization","7/2174","14/14866",0.5,3.41904323827047,3.74767889971881,0.00188603350173613,0.0421704027552689,0.0421704027552689,"SYT13/DOC2A/SYT5/SYT9/SYT1/SYT7/PRRT2",7
"GO:0050853","B cell receptor signaling pathway","20/2174","70/14866",0.285714285714286,1.95373899329741,3.31019510862353,0.00191804841421127,0.0427013795663845,0.0427013795663845,"IGHG1/CD72/LIME1/IGHE/IGHM/BLK/CD19/FCMR/MS4A1/IGHG3/SH2B2/IGHG4/FCRL3/CD5/CD79A/BAX/IGHG2/STAP1/VAV3/CTLA4",20
"GO:0050864","regulation of B cell activation","26/2174","100/14866",0.26,1.77790248390064,3.23028559780858,0.00200391495587651,0.0444215482708247,0.0444215482708247,"FOXJ1/TNFRSF4/TNFSF4/KMT5C/TNFRSF13C/TFRC/SLAMF8/XBP1/INHBA/CDKN2A/CD19/NOD2/TNFSF13B/MMP14/FCRL3/IKZF3/CD27/IL21/EPHB2/IL12RB2/INHA/VAV3/CTLA4/IL4I1/PRLR/MZB1",26
"GO:0009792","embryo development ending in birth or egg hatching","50/2174","229/14866",0.218340611353712,1.4930319817775,3.11181658767352,0.00202263169943124,0.0446448407160785,0.0446448407160785,"DLX4/SCRIB/FOXI3/FUT8/TCAP/TBX1/PAX2/SCX/GATA3/PAX1/DLX2/GCM1/SIX4/NKX2-5/COL1A1/HOXA11/COL3A1/DLX6/HOXC4/ASCL2/PLK4/DLX5/CELSR1/SULF1/MESP2/TLE6/HOPX/CHRD/E2F7/COL2A1/DLX3/CAMSAP3/SULF2/HOXC11/SLC2A10/STIL/RIPPLY3/BRCA1/HOXB9/CELF4/EOMES/E2F8/HORMAD1/FOXD3/IRX5/SOX11/ARNT2/DLX1/WNT7B/GRHL3",50
"GO:0015698","inorganic anion transport","31/2174","126/14866",0.246031746031746,1.68238635533944,3.18356748207578,0.00206212574321659,0.0453228913349518,0.0453228913349518,"SLC12A5/CLCN2/GABRA3/SLC25A10/PACC1/GABRD/SLC1A1/P2RX5/SLC26A9/CLIC3/SLC4A10/SLC4A8/TMC4/SLC12A3/SLC20A1/SLC11A1/ANO9/DCD/SLC34A3/GABRQ/CLIC6/TTYH3/KCNK1/ANO7/SLC12A1/SLC37A1/SLC5A8/SLC5A5/SLC1A4/RACGAP1/CLDN3",31
"GO:0001657","ureteric bud development","18/2174","61/14866",0.295081967213115,2.0177960094711,3.29661818783411,0.00213698298513764,0.0467691403315082,0.0467691403315082,"AGT/FOXJ1/KIF26B/PAX2/GATA3/MAGED1/FOXD1/SIX4/HOXA11/BASP1/ROBO2/WT1/GDNF/SHH/EPCAM/HS3ST3A1/SIX2/NPNT",18
"GO:0044773","mitotic DNA damage checkpoint signaling","19/2174","66/14866",0.287878787878788,1.96854004627694,3.26366735337963,0.00223727946637291,0.0487575883705319,0.0487575883705319,"CDC7/BLM/TIMELESS/EME1/DONSON/EME2/CDK1/FANCD2/PLK1/DTL/CHEK1/CLSPN/BRCA1/MUC1/HUS1B/CCND1/TICRR/BRSK1/DBF4",19
"GO:0001956","positive regulation of neurotransmitter secretion","8/2174","18/14866",0.444444444444444,3.03914954512931,3.582601841931,0.00228910949911566,0.0495787859618148,0.0495787859618148,"BAIAP3/SLC4A8/ADORA2A/CACNA1B/SYT1/GPR158/KMO/STX1A",8
"GO:0044818","mitotic G2/M transition checkpoint","16/2174","52/14866",0.307692307692308,2.10402660816644,3.30059499710747,0.00230539241913298,0.0495787859618148,0.0495787859618148,"CDC7/BLM/CDC6/ORC1/DONSON/CDK1/BARD1/PLK1/DTL/CHEK1/CLSPN/BRCA1/HUS1B/TICRR/BRSK1/DBF4",16
"GO:0032276","regulation of gonadotropin secretion","6/2174","11/14866",0.545454545454545,3.72986535084051,3.74842163332512,0.00231335671186783,0.0495787859618148,0.0495787859618148,"KISS1/INHBA/TACR3/KISS1R/OPRK1/INHA",6
"GO:0042436","indole-containing compound catabolic process","6/2174","11/14866",0.545454545454545,3.72986535084051,3.74842163332512,0.00231335671186783,0.0495787859618148,0.0495787859618148,"ACMSD/IDO1/TDO2/IDO2/IL4I1/KMO",6
