"pathway","pval","padj","log2err","ES","NES","size","pathway_label"
"KEGG_MEDICUS_REFERENCE_DNA_REPLICATION_LICENSING",1.14186099320191e-10,1.27888431238614e-08,0.839088935621274,0.825607615732449,2.56064898256833,24,"Reference Dna Replication Licensing"
"KEGG_MEDICUS_REFERENCE_ORIGIN_UNWINDING_AND_ELONGATION",6.34840670877619e-11,1.27888431238614e-08,0.839088935621274,0.791150301391603,2.57094009141891,30,"Reference Origin Unwinding and Elongation"
"KEGG_MEDICUS_REFERENCE_ORGANIZATION_OF_THE_OUTER_KINETOCHORE",1.73198111648711e-10,1.29321256697705e-08,0.826657301178302,0.860175451825044,2.49918061301148,19,"Reference Organization of the Outer Kinetochore"
"KEGG_MEDICUS_REFERENCE_PRE_IC_FORMATION",2.52482877044283e-10,1.41390411144799e-08,0.814035837847908,0.789563811038188,2.49863201820449,27,"Reference Pre Ic Formation"
"KEGG_MEDICUS_REFERENCE_HOMOLOGOUS_RECOMBINATION",1.24198447792123e-08,5.56409046108711e-07,0.747739663149885,0.732046958935799,2.43108938377432,32,"Reference Homologous Recombination"
"KEGG_MEDICUS_REFERENCE_ORGANIZATION_OF_THE_INNER_KINETOCHORE",3.64154260690953e-08,1.35950923991289e-06,0.719512826338911,0.839059578583813,2.3812822028801,17,"Reference Organization of the Inner Kinetochore"
"KEGG_MEDICUS_REFERENCE_LONG_PATCH_BER",3.00421800025936e-07,9.61349760082996e-06,0.674962860011025,0.812836501247831,2.30686013684479,17,"Reference Long Patch Ber"
"KEGG_MEDICUS_REFERENCE_GF_RTK_PI3K_SIGNALING_PATHWAY",7.07179865675827e-07,1.98010362389232e-05,0.659444398037935,-0.512219786566825,-2.18818577811762,74,"Reference Gf Rtk Pi3k Signaling Pathway"
"KEGG_MEDICUS_VARIANT_MUTATION_CAUSED_ABERRANT_HTT_TO_26S_PROTEASOME_MEDIATED_PROTEIN_DEGRADATION",1.05127517072976e-06,2.61650709159406e-05,0.643551836150722,0.657532968114499,2.23546476779528,35,"Variant Mutation Caused Aberrant Htt to 26s Proteasome Mediated Protein Degradation"
"KEGG_MEDICUS_REFERENCE_GF_RTK_RAS_PI3K_SIGNALING_PATHWAY",1.53156842680305e-06,3.43071327603884e-05,0.643551836150722,-0.489678863454602,-2.10985763430087,80,"Reference Gf Rtk Ras Pi3k Signaling Pathway"
"KEGG_MEDICUS_VARIANT_MUTATION_CAUSED_ABERRANT_ABETA_TO_26S_PROTEASOME_MEDIATED_PROTEIN_DEGRADATION",1.69970999928761e-06,3.46122763491295e-05,0.643551836150722,0.649462467121106,2.20802687265685,35,"Variant Mutation Caused Aberrant Abeta to 26s Proteasome Mediated Protein Degradation"
"KEGG_MEDICUS_REFERENCE_DISASSEMBLY_OF_MCC",2.04996572765126e-06,3.82660269161569e-05,0.627256739718528,0.786356336918051,2.2317084483863,17,"Reference Disassembly of Mcc"
"KEGG_MEDICUS_VARIANT_MUTATION_CAUSED_ABERRANT_SOD1_TO_26S_PROTEASOME_MEDIATED_PROTEIN_DEGRADATION",2.38915873342206e-06,4.11670427912724e-05,0.627256739718528,0.624899264927465,2.17228122344482,40,"Variant Mutation Caused Aberrant Sod1 to 26s Proteasome Mediated Protein Degradation"
"KEGG_MEDICUS_REFERENCE_FANCONI_ANEMIA_PATHWAY",2.67847142366222e-06,4.28555427785955e-05,0.627256739718528,0.761579623305215,2.21271721459927,19,"Reference Fanconi Anemia Pathway"
"KEGG_MEDICUS_REFERENCE_MISMATCH_REPAIR",3.1735296212709e-06,4.73913756776455e-05,0.627256739718528,0.700733778484772,2.21118411099643,26,"Reference Mismatch Repair"
"KEGG_MEDICUS_VARIANT_MUTATION_INACTIVATED_VCP_TO_26S_PROTEASOME_MEDIATED_PROTEIN_DEGRADATION",3.39388768407625e-06,4.75144275770674e-05,0.627256739718528,0.622885142864269,2.15662636013681,39,"Variant Mutation Inactivated Vcp to 26s Proteasome Mediated Protein Degradation"
"KEGG_MEDICUS_REFERENCE_SPINDLE_ASSEMBLY_CHECKPOINT_SIGNALING",4.259197274921e-06,5.61211876224885e-05,0.610526878385931,0.750893567001336,2.20365346366698,20,"Reference Spindle Assembly Checkpoint Signaling"
"KEGG_MEDICUS_VARIANT_MUTATION_INACTIVATED_UBQLN2_TO_26S_PROTEASOME_MEDIATED_PROTEIN_DEGRADATION",4.62488688180338e-06,5.75541478624421e-05,0.610526878385931,0.618375869273734,2.14101382161053,39,"Variant Mutation Inactivated Ubqln2 to 26s Proteasome Mediated Protein Degradation"
"KEGG_MEDICUS_REFERENCE_26S_PROTEASOME_MEDIATED_PROTEIN_DEGRADATION",7.29220611884724e-06,8.59712721379885e-05,0.610526878385931,0.619285800009563,2.13172993343089,38,"Reference 26s Proteasome Mediated Protein Degradation"
"KEGG_MEDICUS_REFERENCE_DNA_REPLICATION_TERMINATION",8.32532409888118e-06,9.32436299074692e-05,0.593325476396405,0.726166933101264,2.17544808791461,21,"Reference Dna Replication Termination"
"KEGG_MEDICUS_VARIANT_SCRAPIE_CONFORMATION_PRPSC_TO_26S_PROTEASOME_MEDIATED_PROTEIN_DEGRADATION",1.31621841312371e-05,0.000140396630733196,0.593325476396405,0.62017835089766,2.1084674387607,35,"Variant Scrapie Conformation Prpsc to 26s Proteasome Mediated Protein Degradation"
"KEGG_MEDICUS_REFERENCE_MICROTUBULE_DEPOLYMERIZATION",2.40595396838415e-05,0.00024109074890977,0.575610261071129,0.694000273609081,2.11465878180258,22,"Reference Microtubule Depolymerization"
"KEGG_MEDICUS_VARIANT_MUTATION_CAUSED_ABERRANT_SNCA_TO_26S_PROTEASOME_MEDIATED_PROTEIN_DEGRADATION",2.47548536826996e-05,0.00024109074890977,0.575610261071129,0.609202699516571,2.07115268321865,35,"Variant Mutation Caused Aberrant Snca to 26s Proteasome Mediated Protein Degradation"
"KEGG_MEDICUS_REFERENCE_COPI_VESICLE_FORMATION",4.77909287334866e-05,0.000446048668179209,0.557332238758646,0.675845790695254,2.08474067805065,23,"Reference Copi Vesicle Formation"
"KEGG_MEDICUS_REFERENCE_HOMOLOGOUS_RECOMBINATION_IN_ICLR",4.99523275204282e-05,0.000447572854583037,0.557332238758646,0.758442047454864,2.06689765629352,15,"Reference Homologous Recombination in Iclr"
"KEGG_MEDICUS_REFERENCE_KINETOCHORE_MICROTUBULE_ATTACHMENT",5.83029223746347e-05,0.000502302100458391,0.557332238758646,0.704780324943441,2.04769075982517,19,"Reference Kinetochore Microtubule Attachment"
"KEGG_MEDICUS_REFERENCE_GF_RTK_RAS_ERK_SIGNALING_PATHWAY",7.5658918538971e-05,0.000627688805656648,0.538434096309916,-0.43098861197693,-1.85435832541275,84,"Reference Gf Rtk Ras Erk Signaling Pathway"
"KEGG_MEDICUS_REFERENCE_MICROTUBULE_NUCLEATION",0.000108648020312756,0.000869184162502051,0.538434096309916,0.635366067982097,2.01066206245359,27,"Reference Microtubule Nucleation"
"KEGG_MEDICUS_REFERENCE_TRAIP_DEPENDENT_REPLISOME_DISASSEMBLY",0.000143738802752869,0.00111025833850492,0.518848077743792,0.73068957529423,2.02979053958578,16,"Reference Traip Dependent Replisome Disassembly"
"KEGG_MEDICUS_REFERENCE_COHESIN_DISSOCIATION_IN_ANAPHASE",0.000170766005815136,0.00127505284341968,0.518848077743792,0.72407660415762,2.01142029494908,16,"Reference Cohesin Dissociation in Anaphase"
"KEGG_MEDICUS_REFERENCE_KINETOCHORE_FIBER_ORGANIZATION",0.000242770313167292,0.0017542112951443,0.518848077743792,0.648920630183946,1.97729851340709,22,"Reference Kinetochore Fiber Organization"
"KEGG_MEDICUS_PATHOGEN_HTLV_1_TAX_TO_SPINDLE_ASSEMBLY_CHECKPOINT_SIGNALING",0.000305439494379073,0.00213807646065351,0.49849310876659,0.721409186383076,1.96597612377567,15,"Pathogen Htlv 1 Tax to Spindle Assembly Checkpoint Signaling"
"KEGG_MEDICUS_REFERENCE_MICROTUBULE_DEPOLYMERIZATION_AT_THE_MINUS_ENDS",0.000332974126894836,0.00226018801286192,0.49849310876659,0.664900485661243,1.9318226296982,19,"Reference Microtubule Depolymerization at the Minus Ends"
"KEGG_MEDICUS_REFERENCE_RTK_PLCG_ITPR_SIGNALING_PATHWAY",0.000344353898083852,0.00226868450502302,0.49849310876659,-0.494715535217396,-1.9573005040865,48,"Reference Rtk Plcg Itpr Signaling Pathway"
"KEGG_MEDICUS_REFERENCE_BRANCHING_MICROTUBULE_NUCLEATION",0.000456213062984359,0.0029197636030999,0.49849310876659,0.57272283874584,1.90198237438783,32,"Reference Branching Microtubule Nucleation"
"KEGG_MEDICUS_REFERENCE_NUCLEAR_EXPORT_OF_MRNA",0.000675281783448324,0.00420175331923402,0.477270815362862,0.575031319854205,1.8686349122718,30,"Reference Nuclear Export of Mrna"
"KEGG_MEDICUS_REFERENCE_ASSEMBLY_AND_TRAFFICKING_OF_TELOMERASE",0.000802465436495828,0.00485816912905582,0.477270815362862,0.674946198915858,1.94081193833136,18,"Reference Assembly and Trafficking of Telomerase"
"KEGG_MEDICUS_REFERENCE_GPI_ANCHOR_BIOSYNTHESIS",0.000992071727261427,0.00584800176069894,0.45505986738723,0.617028318722353,1.90330997582511,23,"Reference Gpi Anchor Biosynthesis"
"KEGG_MEDICUS_VARIANT_AMPLIFIED_MYC_TO_P27_CELL_CYCLE_G1_S",0.00139191914072631,0.00799461250058191,0.45505986738723,0.681578847536759,1.85743093658952,15,"Variant Amplified Myc to P27 Cell Cycle G1 s"
"KEGG_MEDICUS_REFERENCE_REGULATION_OF_GF_RTK_RAS_ERK_SIGNALING_UBIQUITINATION_OF_RTK_BY_CBL",0.00143305728767221,0.00802512081096439,0.45505986738723,-0.555740431032223,-1.88447631462428,25,"Reference Regulation of Gf Rtk Ras Erk Signaling Ubiquitination of Rtk by Cbl"
"KEGG_MEDICUS_REFERENCE_MITOCHONDRIAL_COMPLEX_UCP1_IN_THERMOGENESIS",0.00151255147674633,0.00826369587295558,0.45505986738723,0.45309513208451,1.71381570193701,61,"Reference Mitochondrial Complex Ucp1 in Thermogenesis"
"KEGG_MEDICUS_REFERENCE_COHESIN_DISSOCIATION_IN_PROPHASE",0.00216864773314665,0.0115661212434488,0.431707695803346,0.661419536012484,1.8373645420557,16,"Reference Cohesin Dissociation in Prophase"
"KEGG_MEDICUS_REFERENCE_ANTEROGRADE_AXONAL_TRANSPORT",0.00461718682020747,0.0235056783574198,0.407017918923954,0.569617987311773,1.75706619090811,23,"Reference Anterograde Axonal Transport"
"KEGG_MEDICUS_VARIANT_MUTATION_CAUSED_ABERRANT_ABETA_TO_ANTEROGRADE_AXONAL_TRANSPORT",0.00454775675770638,0.0235056783574198,0.407017918923954,0.571645815453591,1.76332130986209,23,"Variant Mutation Caused Aberrant Abeta to Anterograde Axonal Transport"
"KEGG_MEDICUS_PATHOGEN_SALMONELLA_SIFA_TO_MICROTUBULE_PLUS_END_DIRECTED_TRANSPORT",0.00551218429053801,0.0274384284684559,0.407017918923954,0.559238561068206,1.73449666054964,24,"Pathogen Salmonella Sifa to Microtubule Plus End Directed Transport"
"KEGG_MEDICUS_REFERENCE_CONDENSIN_LOADING",0.00584601188912238,0.0284675361557264,0.407017918923954,0.597533786161964,1.75358726642482,20,"Reference Condensin Loading"
"KEGG_MEDICUS_ENV_FACTOR_IRON_TO_ANTEROGRADE_AXONAL_TRANSPORT",0.00614309989791849,0.0292777527049732,0.407017918923954,0.613161169283084,1.76314870633737,18,"Env Factor Iron to Anterograde Axonal Transport"
"KEGG_MEDICUS_REFERENCE_CORE_NER_REACTION",0.00636713856892124,0.0297133133216325,0.407017918923954,0.546552844514444,1.72960616716827,27,"Reference Core Ner Reaction"
"KEGG_MEDICUS_REFERENCE_DYNEIN_RECRUITMENT_TO_THE_KINETOCHORE",0.00727738252158561,0.0332680343843914,0.407017918923954,0.512988815649141,1.66702017338811,30,"Reference Dynein Recruitment to the Kinetochore"
"KEGG_MEDICUS_VARIANT_MUTATION_CAUSED_ABERRANT_DCTN1_TO_RETROGRADE_AXONAL_TRANSPORT",0.00932146803267841,0.0417601767863993,0.380730400722792,0.601353347222702,1.70666310228023,17,"Variant Mutation Caused Aberrant Dctn1 to Retrograde Axonal Transport"
"KEGG_MEDICUS_PATHOGEN_ESCHERICHIA_ESPG_TO_MICROTUBULE_RHOA_SIGNALING_PATHWAY",0.0120233205175511,0.052808309724146,0.380730400722792,0.603876875464691,1.67751615780104,16,"Pathogen Escherichia Espg to Microtubule Rhoa Signaling Pathway"
"KEGG_MEDICUS_REFERENCE_ARL8_REGULATED_MICROTUBULE_PLUS_END_DIRECTED_TRANSPORT",0.0125686564074733,0.0541419045245002,0.380730400722792,0.472342496225424,1.59979738769793,34,"Reference Arl8 Regulated Microtubule Plus End Directed Transport"
"KEGG_MEDICUS_VARIANT_MUTATION_CAUSED_ABERRANT_ABETA_TO_ELECTRON_TRANSFER_IN_COMPLEX_I",0.01331302836651,0.0562663840395896,0.380730400722792,0.426992199549501,1.56121675284234,51,"Variant Mutation Caused Aberrant Abeta to Electron Transfer in Complex i"
"KEGG_MEDICUS_VARIANT_MUTATION_CAUSED_ABERRANT_HTT_TO_ANTEROGRADE_AXONAL_TRANSPORT",0.0139990132971776,0.0580699810845886,0.380730400722792,0.519470182918175,1.62709259313365,25,"Variant Mutation Caused Aberrant Htt to Anterograde Axonal Transport"
"KEGG_MEDICUS_VARIANT_MUTATION_CAUSED_ABERRANT_TDP43_TO_ELECTRON_TRANSFER_IN_COMPLEX_I",0.0148252526288065,0.060379210706412,0.380730400722792,0.425127427854163,1.50125346038686,45,"Variant Mutation Caused Aberrant Tdp43 to Electron Transfer in Complex i"
"KEGG_MEDICUS_PATHOGEN_ESCHERICHIA_EAE_TIR_TO_ACTIN_SIGNALING_PATHWAY",0.0172493384718764,0.0689973538875057,0.352487857583619,0.579426248650688,1.64443318330539,17,"Pathogen Escherichia Eae Tir to Actin Signaling Pathway"
"KEGG_MEDICUS_REFERENCE_ARNO_ARF_ACTB_G_SIGNALING_PATHWAY",0.0193542380202484,0.0744110594301857,0.352487857583619,0.506489732044368,1.5864350228499,25,"Reference Arno Arf Actb g Signaling Pathway"
"KEGG_MEDICUS_REFERENCE_CX3CR1_GNAI_AC_PKA_SIGNALING_PATHWAY",0.0199236479348095,0.0744110594301857,0.352487857583619,-0.578315040106332,-1.70849237443792,15,"Reference Cx3cr1 Gnai Ac Pka Signaling Pathway"
"KEGG_MEDICUS_REFERENCE_GPCR_PLCB_ITPR_SIGNALING_PATHWAY",0.0199315337759426,0.0744110594301857,0.352487857583619,-0.399196158209196,-1.52590615673643,42,"Reference Gpcr Plcb Itpr Signaling Pathway"
"KEGG_MEDICUS_REFERENCE_WNT_SIGNALING_MODULATION_LGR_RSPO",0.0197952503739305,0.0744110594301857,0.352487857583619,-0.534717018496558,-1.67017575253269,18,"Reference Wnt Signaling Modulation Lgr Rspo"
"KEGG_MEDICUS_VARIANT_MUTATION_CAUSED_ABERRANT_SNCA_TO_ANTEROGRADE_AXONAL_TRANSPORT",0.0230471842494759,0.0846322831456164,0.352487857583619,0.508345938641589,1.57665153006191,24,"Variant Mutation Caused Aberrant Snca to Anterograde Axonal Transport"
"KEGG_MEDICUS_REFERENCE_VGCC_CA2_APOPTOTIC_PATHWAY",0.0239025936187153,0.0863577575901971,0.352487857583619,0.537864010472455,1.6113309210366,21,"Reference Vgcc Ca2 Apoptotic Pathway"
"KEGG_MEDICUS_REFERENCE_AUTOPHAGOSOME_AND_LYSOSOME_FUSION_TETHERING_FACTOR",0.0294191464320135,0.104601409536048,0.352487857583619,-0.548302122172586,-1.64977884055301,16,"Reference Autophagosome and Lysosome Fusion Tethering Factor"
"KEGG_MEDICUS_ENV_FACTOR_ZN_TO_ANTEROGRADE_AXONAL_TRANSPORT",0.0332767227293553,0.114676706021163,0.321775918075361,0.55210504955931,1.58758145926134,18,"Env Factor Zn to Anterograde Axonal Transport"
"KEGG_MEDICUS_REFERENCE_EGF_EGFR_ACTIN_SIGNALING_PATHWAY",0.032948873244337,0.114676706021163,0.321775918075361,0.521861263919109,1.56338995484281,21,"Reference Egf Egfr Actin Signaling Pathway"
"KEGG_MEDICUS_PATHOGEN_SHIGELLA_IPGD_TO_ARNO_ARF_ACTB_G_SIGNALING_PATHWAY",0.0343930919967507,0.116728069807154,0.321775918075361,0.469746055721663,1.52148896011543,29,"Pathogen Shigella Ipgd to Arno Arf Actb g Signaling Pathway"
"KEGG_MEDICUS_REFERENCE_ITGA_B_TALIN_VINCULIN_SIGNALING_PATHWAY",0.0359677356038025,0.120250339929131,0.321775918075361,-0.416862414808836,-1.4761575508714,30,"Reference Itga b Talin Vinculin Signaling Pathway"
"KEGG_MEDICUS_REFERENCE_PRNP_PI3K_NOX2_SIGNALING_PATHWAY",0.0374680991415259,0.12342432658385,0.321775918075361,-0.423207817644465,-1.47698691459107,27,"Reference Prnp Pi3k Nox2 Signaling Pathway"
"KEGG_MEDICUS_REFERENCE_ELECTRON_TRANSFER_IN_COMPLEX_I",0.0396196513470681,0.128620317416569,0.287857117255149,0.418013569733585,1.46969549125384,44,"Reference Electron Transfer in Complex i"
"KEGG_MEDICUS_REFERENCE_EGF_EGFR_PLCG_CALCINEURIN_SIGNALING_PATHWAY",0.0417596283328818,0.129918843702299,0.321775918075361,-0.53704051355612,-1.58655673559199,15,"Reference Egf Egfr Plcg Calcineurin Signaling Pathway"
"KEGG_MEDICUS_REFERENCE_IL6_FAMILY_TO_JAK_STAT_SIGNALING_PATHWAY",0.0408816135046294,0.129918843702299,0.321775918075361,-0.432978707898373,-1.46820003406194,25,"Reference Il6 Family to Jak Stat Signaling Pathway"
"KEGG_MEDICUS_REFERENCE_TRANSLATION_INITIATION",0.0415421785308819,0.129918843702299,0.321775918075361,-0.304686043892341,-1.31715934646412,79,"Reference Translation Initiation"
"KEGG_MEDICUS_REFERENCE_PROMOTION_OF_MICROTUBULE_GROWTH",0.0426929392446634,0.131002991654858,0.282013350011725,0.502797925019614,1.50628007794293,21,"Reference Promotion of Microtubule Growth"
"KEGG_MEDICUS_ENV_FACTOR_TCDD_TO_AHR_SIGNALING_PATHWAY",0.0484032627835351,0.146517984642052,0.321775918075361,-0.47078825736138,-1.50343320267035,19,"Env Factor Tcdd to Ahr Signaling Pathway"
"KEGG_MEDICUS_PATHOGEN_SALMONELLA_SOPB_TO_ARNO_ARF_ACTB_G_SIGNALING_PATHWAY",0.0551948051948052,0.164848484848485,0.245041785430996,0.451972258186462,1.46873937447387,30,"Pathogen Salmonella Sopb to Arno Arf Actb g Signaling Pathway"
"KEGG_MEDICUS_REFERENCE_CA2_ENTRY_VOLTAGE_GATED_CA2_CHANNEL",0.0596026490066225,0.175670965493203,0.237793834423688,0.507151466302691,1.48834153658387,20,"Reference Ca2 Entry Voltage Gated Ca2 Channel"
"KEGG_MEDICUS_REFERENCE_MICROTUBULE_RHOA_SIGNALING_PATHWAY",0.0612582781456954,0.175974432749157,0.234392647294686,0.505514217415657,1.4835366889472,20,"Reference Microtubule Rhoa Signaling Pathway"
"KEGG_MEDICUS_REFERENCE_TLR2_4_MAPK_SIGNALING_PATHWAY",0.0612768114037245,0.175974432749157,0.321775918075361,-0.410119244468944,-1.41143053051864,26,"Reference Tlr2 4 Mapk Signaling Pathway"
"KEGG_MEDICUS_REFERENCE_RETROGRADE_AXONAL_TRANSPORT",0.0626959247648903,0.177770723383993,0.224966093540314,0.40440453684109,1.40557747111339,41,"Reference Retrograde Axonal Transport"
"KEGG_MEDICUS_REFERENCE_TIGHT_JUNCTION_ACTIN_SIGNALING_PATHWAY",0.0645161290322581,0.178645484416372,0.224966093540314,0.433556145955061,1.43981711942867,32,"Reference Tight Junction Actin Signaling Pathway"
"KEGG_MEDICUS_VARIANT_MLL_AF4_FUSION_TO_TRANSCRIPTIONAL_ACTIVATION",0.0645994832041344,0.178645484416372,0.287857117255149,-0.407994451829698,-1.40411802996546,26,"Variant Mll Af4 Fusion to Transcriptional Activation"
"KEGG_MEDICUS_VARIANT_MUTATION_CAUSED_ABERRANT_HTT_TO_TRANSPORT_OF_CALCIUM",0.066334991708126,0.181207782227076,0.224966093540314,0.512713171962202,1.47430987341264,18,"Variant Mutation Caused Aberrant Htt to Transport of Calcium"
"KEGG_MEDICUS_REFERENCE_GENE_SILENCING_BY_METHYLATION_OF_H3K27_AND_UBIQUITINATION_OF_H2AK119",0.0737833594976452,0.197530864197531,0.206587922696891,0.413096686183523,1.41216462226606,37,"Reference Gene Silencing by Methylation of H3k27 and Ubiquitination of H2ak119"
"KEGG_MEDICUS_VARIANT_NOTCH_OVEREXPRESSION_TO_NOTCH_SIGNALING_PATHWAY",0.0740740740740741,0.197530864197531,0.261663521711573,-0.491110599170028,-1.45086787563636,15,"Variant Notch Overexpression to Notch Signaling Pathway"
"KEGG_MEDICUS_REFERENCE_DNA_END_RESECTION_AND_RPA_LOADING",0.0783333333333333,0.20643137254902,0.206587922696891,0.518842362711709,1.47249386808858,17,"Reference Dna End Resection and Rpa Loading"
"KEGG_MEDICUS_PATHOGEN_SALMONELLA_SOPE_TO_RAC_SIGNALING_PATHWAY",0.0827814569536424,0.211775174254783,0.199915231309662,0.479195015334338,1.40629751234982,20,"Pathogen Salmonella Sope to Rac Signaling Pathway"
"KEGG_MEDICUS_REFERENCE_ACTIVATION_OF_PRC2.2_BY_UBIQUITINATION_OF_H2AK119_IN_GERMLINE_GENES",0.0831973898858075,0.211775174254783,0.197822021315103,0.454793374833348,1.42451088807566,25,"Reference Activation of Prc2.2 by Ubiquitination of H2ak119 in Germline Genes"
"KEGG_MEDICUS_REFERENCE_RAB7_REGULATED_MICROTUBULE_MINUS_END_DIRECTED_TRANSPORT",0.0828125,0.211775174254783,0.193813302725311,0.39097587934127,1.36645951488214,42,"Reference Rab7 Regulated Microtubule Minus End Directed Transport"
"KEGG_MEDICUS_REFERENCE_N_GLYCAN_BIOSYNTHESIS",0.0893760539629005,0.22494647289539,0.193813302725311,0.520177432453027,1.4450065622929,16,"Reference n Glycan Biosynthesis"
"KEGG_MEDICUS_VARIANT_MUTATION_INACTIVATED_PINK1_TO_ELECTRON_TRANSFER_IN_COMPLEX_I",0.0904761904761905,0.225185185185185,0.186432558434075,0.384344539537545,1.35723675339873,45,"Variant Mutation Inactivated Pink1 to Electron Transfer in Complex i"
"KEGG_MEDICUS_REFERENCE_REGULATION_OF_GF_RTK_RAS_ERK_SIGNALING_PTP",0.092964824120603,0.228836490143023,0.234392647294686,-0.429627031503461,-1.3971607206819,20,"Reference Regulation of Gf Rtk Ras Erk Signaling Ptp"
"KEGG_MEDICUS_VARIANT_MUTATION_CAUSED_ABERRANT_HTT_TO_RETROGRADE_AXONAL_TRANSPORT",0.097331240188383,0.236980410893454,0.178219874951973,0.382101677613972,1.33889703875858,43,"Variant Mutation Caused Aberrant Htt to Retrograde Axonal Transport"
"KEGG_MEDICUS_ENV_FACTOR_DCE_TO_DNA_ADDUCTS",0.0987654320987654,0.237886632151865,0.224966093540314,-0.47441040557797,-1.40153117950198,15,"Env Factor Dce to Dna Adducts"
"KEGG_MEDICUS_VARIANT_MUTATION_CAUSED_ABERRANT_SNCA_TO_ELECTRON_TRANSFER_IN_COMPLEX_I",0.107936507936508,0.257210401891253,0.169570644405628,0.373397638409615,1.31857993635502,45,"Variant Mutation Caused Aberrant Snca to Electron Transfer in Complex i"
"KEGG_MEDICUS_REFERENCE_CXCR4_GNAQ_PLCB_G_CALCINEURIN_SIGNALING_PATHWAY",0.110552763819095,0.260671779952394,0.213927855492356,-0.418179442999249,-1.35993280010938,20,"Reference Cxcr4 Gnaq Plcb g Calcineurin Signaling Pathway"
"KEGG_MEDICUS_REFERENCE_IL1_IL1R_JNK_SIGNALING_PATHWAY",0.121827411167513,0.284263959390863,0.204294756516886,-0.414557294354198,-1.3238630976789,19,"Reference Il1 Il1r Jnk Signaling Pathway"
"KEGG_MEDICUS_REFERENCE_P300_P21_CELL_CYCLE_G1_S",0.127303182579564,0.293978483482706,0.159646701919906,0.492627976083753,1.34250416707379,15,"Reference P300 P21 Cell Cycle G1 s"
"KEGG_MEDICUS_REFERENCE_BMP_SIGNALING_PATHWAY",0.14070351758794,0.31892797319933,0.188204146308491,-0.402330032387046,-1.30839001455458,20,"Reference Bmp Signaling Pathway"
"KEGG_MEDICUS_REFERENCE_CROSSTALK_BETWEEN_EXTRINSIC_AND_INTRINSIC_APOPTOTIC_PATHWAYS",0.142378559463987,0.31892797319933,0.150169802128406,0.4820570088111,1.31369628708622,15,"Reference Crosstalk Between Extrinsic and Intrinsic Apoptotic Pathways"
"KEGG_MEDICUS_REFERENCE_GLYCOLYSIS",0.141215106732348,0.31892797319933,0.149207542435322,0.443651175542212,1.32908847475679,21,"Reference Glycolysis"
"KEGG_MEDICUS_REFERENCE_TELOMERE_ELONGATION",0.15,0.332673267326733,0.14551614609036,0.467778744643492,1.32757342617462,17,"Reference Telomere Elongation"
"KEGG_MEDICUS_REFERENCE_PINK_PARKIN_MEDIATED_AUTOPHAGOSOME_FORMATION",0.161691542288557,0.355087308555263,0.173747838999571,-0.423216130932078,-1.29461087178521,17,"Reference Pink Parkin Mediated Autophagosome Formation"
"KEGG_MEDICUS_REFERENCE_KEAP1_NRF2_SIGNALING_PATHWAY",0.165829145728643,0.36013986013986,0.172324344900946,-0.393222346247715,-1.27877153062064,20,"Reference Keap1 Nrf2 Signaling Pathway"
"KEGG_MEDICUS_REFERENCE_TRANSCRIPTION_COUPLED_NER",0.167207792207792,0.36013986013986,0.135002033828631,0.377584453414742,1.22700706486865,30,"Reference Transcription Coupled Ner"
"KEGG_MEDICUS_REFERENCE_ACTIVATION_OF_PRC2.2_BY_UBIQUITINATION_OF_H2AK119",0.170529801324503,0.363796909492274,0.135002033828631,0.436247309317373,1.28025852988952,20,"Reference Activation of Prc2.2 by Ubiquitination of H2ak119"
"KEGG_MEDICUS_REFERENCE_ITGA_B_RHOGEF_RHOA_SIGNALING_PATHWAY",0.177248677248677,0.374563242487771,0.170932335370056,-0.374796402509824,-1.23612825334828,23,"Reference Itga b Rhogef Rhoa Signaling Pathway"
"KEGG_MEDICUS_REFERENCE_ITGA_B_FAK_CDC42_SIGNALING_PATHWAY",0.186046511627907,0.389208962048468,0.16440575583821,-0.358876155869353,-1.2350767975423,26,"Reference Itga b Fak Cdc42 Signaling Pathway"
"KEGG_MEDICUS_REFERENCE_RELN_VLDLR_PI3K_SIGNALING_PATHWAY",0.187654320987654,0.389208962048468,0.159646701919906,-0.428585610644379,-1.26615286962813,15,"Reference Reln Vldlr Pi3k Signaling Pathway"
"KEGG_MEDICUS_REFERENCE_CYTOKINE_JAK_STAT_SIGNALING_PATHWAY",0.190735694822888,0.391970602204835,0.166933848713193,-0.318946038104957,-1.19598009787275,38,"Reference Cytokine Jak Stat Signaling Pathway"
"KEGG_MEDICUS_PATHOGEN_HCMV_US28_TO_GNAQ_PLCB_G_CALCINEURIN_SIGNALING_PATHWAY",0.197994987468672,0.403189792663477,0.156312403073186,-0.398586257527388,-1.24497459326569,18,"Pathogen Hcmv Us28 to Gnaq Plcb g Calcineurin Signaling Pathway"
"KEGG_MEDICUS_VARIANT_SCRAPIE_CONFORMATION_PRPSC_TO_TRANSPORT_OF_CALCIUM",0.208333333333333,0.42042042042042,0.120985142145252,0.435936315342172,1.23720343085237,17,"Variant Scrapie Conformation Prpsc to Transport of Calcium"
"KEGG_MEDICUS_REFERENCE_CXCR4_GNB_G_PLCB_PKC_SIGNALING_PATHWAY",0.221374045801527,0.431235128704305,0.148261500475107,-0.342077916095331,-1.19384516253866,27,"Reference Cxcr4 Gnb g Plcb Pkc Signaling Pathway"
"KEGG_MEDICUS_REFERENCE_PDGF_PDGFR_PLCG_CAMK_SIGNALING_PATHWAY",0.221393034825871,0.431235128704305,0.14641623786055,-0.397563175406781,-1.21613892166523,17,"Reference Pdgf Pdgfr Plcg Camk Signaling Pathway"
"KEGG_MEDICUS_VARIANT_MUTATION_ACTIVATED_SMO_TO_HEDGEHOG_SIGNALING_PATHWAY",0.221374045801527,0.431235128704305,0.148261500475107,-0.343896044915701,-1.20019039616802,27,"Variant Mutation Activated Smo to Hedgehog Signaling Pathway"
"KEGG_MEDICUS_VARIANT_MUTATION_INACTIVATED_PTCH1_TO_HEDGEHOG_SIGNALING_PATHWAY",0.221374045801527,0.431235128704305,0.148261500475107,-0.343896044915701,-1.20019039616802,27,"Variant Mutation Inactivated Ptch1 to Hedgehog Signaling Pathway"
"KEGG_MEDICUS_VARIANT_MUTATION_CAUSED_ABERRANT_HTT_TO_MGLUR5_CA2_APOPTOTIC_PATHWAY",0.241379310344828,0.466111771700357,0.110122263835536,0.39155154443711,1.17300860151799,21,"Variant Mutation Caused Aberrant Htt to Mglur5 Ca2 Apoptotic Pathway"
"KEGG_MEDICUS_PATHOGEN_HIV_GP120_TO_CXCR4_GNAQ_PLCB_G_CALCINEURIN",0.259168704156479,0.484848484848485,0.132846300606183,-0.392756135442125,-1.1817586245742,16,"Pathogen Hiv Gp120 to Cxcr4 Gnaq Plcb g Calcineurin"
"KEGG_MEDICUS_REFERENCE_EGF_EGFR_PLCG_CAMK_SIGNALING_PATHWAY",0.259259259259259,0.484848484848485,0.133554954557592,-0.395558550753629,-1.16858238285145,15,"Reference Egf Egfr Plcg Camk Signaling Pathway"
"KEGG_MEDICUS_REFERENCE_FGF_FGFR_PI3K_SIGNALING_PATHWAY",0.25974025974026,0.484848484848485,0.137250779610133,-0.345003363843934,-1.15779126408568,24,"Reference Fgf Fgfr Pi3k Signaling Pathway"
"KEGG_MEDICUS_VARIANT_MUTATION_INACTIVATED_ATP1A1_TO_ANGIOTENSIN_ALDOSTERONE_SIGNALING_PATHWAY",0.259615384615385,0.484848484848485,0.103958471559957,0.376976381295269,1.16283626763749,23,"Variant Mutation Inactivated Atp1a1 to Angiotensin Aldosterone Signaling Pathway"
"KEGG_MEDICUS_REFERENCE_MGLUR5_CA2_APOPTOTIC_PATHWAY",0.269867549668874,0.49448123620309,0.103576326612592,0.397562679498212,1.16673043185014,20,"Reference Mglur5 Ca2 Apoptotic Pathway"
"KEGG_MEDICUS_VARIANT_MUTATION_ACTIVATED_CACNA1D_H_TO_ANGIOTENSIN_ALDOSTERONE_SIGNALING_PATHWAY",0.26731078904992,0.49448123620309,0.102449405629826,0.378539112619541,1.15343046565939,22,"Variant Mutation Activated Cacna1d h to Angiotensin Aldosterone Signaling Pathway"
"KEGG_MEDICUS_VARIANT_MUTATION_CAUSED_ABERRANT_ABETA_TO_MGLUR5_CA2_APOPTOTIC_PATHWAY",0.271523178807947,0.49448123620309,0.103197466945307,0.393905314370664,1.15599713263784,20,"Variant Mutation Caused Aberrant Abeta to Mglur5 Ca2 Apoptotic Pathway"
"KEGG_MEDICUS_REFERENCE_ITGA_B_FAK_RAC_SIGNALING_PATHWAY",0.274611398963731,0.496072204579642,0.132846300606183,-0.321880278413879,-1.13981492832624,30,"Reference Itga b Fak Rac Signaling Pathway"
"KEGG_MEDICUS_PATHOGEN_KSHV_VGPCR_TO_GNB_G_PI3K_JNK_SIGNALING_PATHWAY",0.27906976744186,0.498575498575499,0.131457611642763,-0.334025348310896,-1.14955243122911,26,"Pathogen Kshv Vgpcr to Gnb g Pi3k Jnk Signaling Pathway"
"KEGG_MEDICUS_VARIANT_MUTATION_ACTIVATED_KCNJ5_TO_ANGIOTENSIN_ALDOSTERONE_SIGNALING_PATHWAY",0.280448717948718,0.498575498575499,0.0992333343771191,0.367654499514506,1.13408162210756,23,"Variant Mutation Activated Kcnj5 to Angiotensin Aldosterone Signaling Pathway"
"KEGG_MEDICUS_REFERENCE_DEUBIQUITINATION_OF_H2AK119",0.292682926829268,0.516228154407528,0.09754492162472,0.358533471184694,1.13136192243831,26,"Reference Deubiquitination of H2ak119"
"KEGG_MEDICUS_REFERENCE_IFN_RIPK1_3_SIGNALING_PATHWAY",0.298245614035088,0.521929824561403,0.124434168630393,-0.365962568488769,-1.14307528483584,18,"Reference Ifn Ripk1 3 Signaling Pathway"
"KEGG_MEDICUS_REFERENCE_E2_ER_RAS_ERK_SIGNALING_PATHWAY",0.301127214170692,0.522887565691745,0.0952879846194844,0.367662222463208,1.12028795525637,22,"Reference E2 Er Ras Erk Signaling Pathway"
"KEGG_MEDICUS_REFERENCE_AUTOPHAGY_VESICLE_NUCLEATION_ELONGATION_MATURATION_MTORC1_PI3KC3_C1",0.311973018549747,0.525428241767995,0.0959206777921745,0.403001834408188,1.11950319065119,16,"Reference Autophagy Vesicle Nucleation Elongation Maturation Mtorc1 Pi3kc3 C1"
"KEGG_MEDICUS_REFERENCE_TNF_JNK_SIGNALING_PATHWAY",0.310513447432763,0.525428241767995,0.119887845115423,-0.370925764282569,-1.11607351601079,16,"Reference Tnf Jnk Signaling Pathway"
"KEGG_MEDICUS_REFERENCE_WNT5A_ROR_SIGNALING_PATHWAY",0.310513447432763,0.525428241767995,0.119887845115423,-0.369249104715131,-1.11102863771229,16,"Reference Wnt5a Ror Signaling Pathway"
"KEGG_MEDICUS_VARIANT_MUTATION_INACTIVATED_RASD1_TO_CRHR_PKA_ACTH_SIGNALING_PATHWAY",0.306493506493506,0.525428241767995,0.125033367555272,-0.326938600627551,-1.09716801448408,24,"Variant Mutation Inactivated Rasd1 to Crhr Pka Acth Signaling Pathway"
"KEGG_MEDICUS_PATHOGEN_HCMV_US28_TO_GNB_G_PI3K_NFKB_SIGNALING_PATHWAY",0.317708333333333,0.531094527363184,0.122679189568808,-0.316150272521998,-1.10083958174515,28,"Pathogen Hcmv Us28 to Gnb g Pi3k Nfkb Signaling Pathway"
"KEGG_MEDICUS_PATHOGEN_HCMV_UL33_TO_GNB_G_RHO_SIGNALING_PATHWAY",0.326366559485531,0.533621235947145,0.0905428948469474,0.334041036497115,1.08194575146582,29,"Pathogen Hcmv Ul33 to Gnb g Rho Signaling Pathway"
"KEGG_MEDICUS_PATHOGEN_HIV_GP120_TO_CXCR4_GNB_G_RAC_SIGNALING_PATHWAY",0.323717948717949,0.533621235947145,0.0908241419007155,0.356361594098725,1.09924707905383,23,"Pathogen Hiv Gp120 to Cxcr4 Gnb g Rac Signaling Pathway"
"KEGG_MEDICUS_REFERENCE_EGF_EGFR_RAS_PI3K_SIGNALING_PATHWAY",0.325925925925926,0.533621235947145,0.117249716749792,-0.370432268452314,-1.09435283886124,15,"Reference Egf Egfr Ras Pi3k Signaling Pathway"
"KEGG_MEDICUS_REFERENCE_IL1_IL1R_P38_SIGNALING_PATHWAY",0.340796019900498,0.545273631840796,0.114750719227023,-0.358681313918766,-1.09719997553676,17,"Reference Il1 Il1r P38 Signaling Pathway"
"KEGG_MEDICUS_REFERENCE_ITGA_B_RHOGAP_RHOA_SIGNALING_PATHWAY",0.335978835978836,0.545273631840796,0.119887845115423,-0.325258474116509,-1.07274559415182,23,"Reference Itga b Rhogap Rhoa Signaling Pathway"
"KEGG_MEDICUS_REFERENCE_WNT_SIGNALING_PATHWAY",0.339622641509434,0.545273631840796,0.120433371642259,-0.269542148562535,-1.04616933574132,44,"Reference Wnt Signaling Pathway"
"KEGG_MEDICUS_VARIANT_MUTATION_CAUSED_ABERRANT_PSEN_TO_MGLUR5_CA2_APOPTOTIC_PATHWAY",0.351758793969849,0.558822481200328,0.0886261133285098,0.397819390092748,1.08413288499772,15,"Variant Mutation Caused Aberrant Psen to Mglur5 Ca2 Apoptotic Pathway"
"KEGG_MEDICUS_PATHOGEN_KSHV_VGPCR_TO_GNB_G_ERK_SIGNALING_PATHWAY",0.3671875,0.575174825174825,0.112843355675562,-0.305450301392956,-1.06358213563125,28,"Pathogen Kshv Vgpcr to Gnb g Erk Signaling Pathway"
"KEGG_MEDICUS_REFERENCE_CCR2_GNB_G_PI3K_NFKB_SIGNALING_PATHWAY",0.3671875,0.575174825174825,0.112843355675562,-0.306963918885038,-1.06885257248274,28,"Reference Ccr2 Gnb g Pi3k Nfkb Signaling Pathway"
"KEGG_MEDICUS_REFERENCE_BCR_PLCG_CALCINEURIN_SIGNALING_PATHWAY",0.386308068459658,0.600923662048356,0.105520936843198,-0.351121098021858,-1.05648352352331,16,"Reference Bcr Plcg Calcineurin Signaling Pathway"
"KEGG_MEDICUS_REFERENCE_ACH_CHRN_RAS_ERK_SIGNALING_PATHWAY",0.400662251655629,0.618689581095596,0.0808589150280032,0.347742421396344,1.02052251484082,20,"Reference Ach Chrn Ras Erk Signaling Pathway"
"KEGG_MEDICUS_REFERENCE_CXCL12_CXCR4_PKC_ERK_SIGNALING_PATHAWAY",0.406015037593985,0.618689581095596,0.103958471559957,-0.328148107063757,-1.02496272364467,18,"Reference Cxcl12 Cxcr4 Pkc Erk Signaling Pathaway"
"KEGG_MEDICUS_REFERENCE_CXCR4_GNB_G_RAC_SIGNALING_PATHWAY",0.405448717948718,0.618689581095596,0.0785029047348687,0.337289361702439,1.04041611606615,23,"Reference Cxcr4 Gnb g Rac Signaling Pathway"
"KEGG_MEDICUS_REFERENCE_CARDIAC_TYPE_VGCC_RYR_SIGNALING",0.420398009950249,0.623988226637233,0.101350743797099,-0.337124023172832,-1.03125659359511,17,"Reference Cardiac Type Vgcc Ryr Signaling"
"KEGG_MEDICUS_REFERENCE_CXCR_GNB_G_PI3K_AKT_SIGNALING_PATHWAY",0.420634920634921,0.623988226637233,0.105125131597001,-0.313639013612174,-1.03442307205211,23,"Reference Cxcr Gnb g Pi3k Akt Signaling Pathway"
"KEGG_MEDICUS_REFERENCE_PDGF_PDGFR_RAS_ERK_SIGNALING_PATHWAY",0.415422885572139,0.623988226637233,0.102080107662747,-0.338762470598049,-1.03626857611303,17,"Reference Pdgf Pdgfr Ras Erk Signaling Pathway"
"KEGG_MEDICUS_REFERENCE_SKELETAL_TYPE_VGCC_RYR_SIGNALING",0.41320293398533,0.623988226637233,0.101350743797099,-0.34267718424313,-1.03107674554404,16,"Reference Skeletal Type Vgcc Ryr Signaling"
"KEGG_MEDICUS_REFERENCE_FGF_FGFR_RAS_ERK_SIGNALING_PATHWAY",0.442708333333333,0.648148148148148,0.100990587455923,-0.288187198428761,-1.00347177451997,28,"Reference Fgf Fgfr Ras Erk Signaling Pathway"
"KEGG_MEDICUS_REFERENCE_ITGA_B_RHOG_RAC_SIGNALING_PATHWAY",0.442708333333333,0.648148148148148,0.100990587455923,-0.288589149306274,-1.00487137298419,28,"Reference Itga b Rhog Rac Signaling Pathway"
"KEGG_MEDICUS_REFERENCE_IL2_FAMILY_TO_JAK_STAT_SIGNALING_PATHWAY",0.449238578680203,0.65343793262575,0.0985499803531691,-0.311705734092584,-0.995412996755786,19,"Reference Il2 Family to Jak Stat Signaling Pathway"
"KEGG_MEDICUS_VARIANT_LRP6_OVEREXPRESSION_TO_WNT_SIGNALING_PATHWAY",0.463013698630137,0.669129474149359,0.101350743797099,-0.257030485281783,-0.991680706856007,43,"Variant Lrp6 Overexpression to Wnt Signaling Pathway"
"KEGG_MEDICUS_REFERENCE_MACHR_CA2_APOPTOTIC_PATHWAY",0.476973684210526,0.684885290148448,0.0714786287425507,0.333836090905978,0.969937801114389,19,"Reference Machr Ca2 Apoptotic Pathway"
"KEGG_MEDICUS_REFERENCE_GPCR_PI3K_SIGNALING_PATHWAY",0.484375,0.686708860759494,0.0956031492204301,-0.278915224343424,-0.971186633682892,28,"Reference Gpcr Pi3k Signaling Pathway"
"KEGG_MEDICUS_VARIANT_MUTATION_INACTIVATED_PRKAR1A_TO_ACTH_CORTISOL_SIGNALING_PATHWAY",0.484087102177554,0.686708860759494,0.0716527366829457,0.358076936307872,0.975827201183158,15,"Variant Mutation Inactivated Prkar1a to Acth Cortisol Signaling Pathway"
"KEGG_MEDICUS_VARIANT_MUTATION_INACTIVATED_ATP2B3_TO_ANGIOTENSIN_ALDOSTERONE_SIGNALING_PATHWAY",0.493377483443709,0.695072681077929,0.070113215764256,0.328375546850916,0.963686390457878,20,"Variant Mutation Inactivated Atp2b3 to Angiotensin Aldosterone Signaling Pathway"
"KEGG_MEDICUS_REFERENCE_CXCR_GNB_G_ERK_SIGNALING_PATHWAY",0.506493506493506,0.706035042180402,0.0928481214159878,-0.288233194944693,-0.967277163353777,24,"Reference Cxcr Gnb g Erk Signaling Pathway"
"KEGG_MEDICUS_REFERENCE_GNRH_GNRHR_PLCB_PKC_SIGNALING_PATHWAY",0.507462686567164,0.706035042180402,0.0687943095604775,0.325623818917614,0.936333290231831,18,"Reference Gnrh Gnrhr Plcb Pkc Signaling Pathway"
"KEGG_MEDICUS_ENV_FACTOR_E2_TO_RAS_ERK_SIGNALING_PATHWAY",0.533007334963325,0.723597836556272,0.0865399737444125,-0.310864516081464,-0.935356038524543,16,"Env Factor E2 to Ras Erk Signaling Pathway"
"KEGG_MEDICUS_PATHOGEN_HBV_HBX_TO_RAS_ERK_SIGNALING_PATHWAY",0.532663316582915,0.723597836556272,0.0668966276500666,0.345454022488611,0.941427379764793,15,"Pathogen Hbv Hbx to Ras Erk Signaling Pathway"
"KEGG_MEDICUS_PATHOGEN_HCMV_UL33_TO_GNAI_AC_PKA_SIGNALING_PATHWAY",0.531746031746032,0.723597836556272,0.0911073131586733,-0.292010775290469,-0.963090273016219,23,"Pathogen Hcmv Ul33 to Gnai Ac Pka Signaling Pathway"
"KEGG_MEDICUS_REFERENCE_ANGIOTENSIN_ALDOSTERONE_SIGNALING_PATHWAY",0.528455284552846,0.723597836556272,0.0658311958368866,0.300701636102918,0.948872025748724,26,"Reference Angiotensin Aldosterone Signaling Pathway"
"KEGG_MEDICUS_PATHOGEN_KSHV_VGPCR_TO_GNB_G_PI3K_AKT_SIGNALING_PATHWAY",0.552162849872774,0.737306843267108,0.086794975677172,-0.278206386827889,-0.920223349456364,21,"Pathogen Kshv Vgpcr to Gnb g Pi3k Akt Signaling Pathway"
"KEGG_MEDICUS_REFERENCE_LPAR_GNB_G_RHO_SIGNALING_PATHWAY",0.552980132450331,0.737306843267108,0.0645031249656493,0.312193230835668,0.916196015917101,20,"Reference Lpar Gnb g Rho Signaling Pathway"
"KEGG_MEDICUS_VARIANT_MUTATION_CAUSED_ABERRANT_ABETA_TO_MACHR_CA2_APOPTOTIC_PATHWAY",0.549668874172185,0.737306843267108,0.0647943366000727,0.312421137306732,0.916864854892984,20,"Variant Mutation Caused Aberrant Abeta to Machr Ca2 Apoptotic Pathway"
"KEGG_MEDICUS_REFERENCE_CRHR_PKA_ACTH_SIGNALING_PATHWAY",0.585301837270341,0.771221244403273,0.0852884689790502,-0.277471571171631,-0.91806354898575,22,"Reference Crhr Pka Acth Signaling Pathway"
"KEGG_MEDICUS_REFERENCE_TNF_P38_SIGNALING_PATHWAY",0.583333333333333,0.771221244403273,0.0603786357920401,0.297902042430378,0.91892043196732,23,"Reference Tnf P38 Signaling Pathway"
"KEGG_MEDICUS_REFERENCE_TCR_PLCG_ITPR_SIGNALING_PATHWAY",0.592105263157895,0.775623268698061,0.0609039347452418,0.307766647827061,0.894194827286665,19,"Reference Tcr Plcg Itpr Signaling Pathway"
"KEGG_MEDICUS_ENV_FACTOR_ARSENIC_TO_ELECTRON_TRANSFER_IN_COMPLEX_IV",0.61028192371476,0.776722448364239,0.0598603117764473,0.308980983590463,0.88847671508184,18,"Env Factor Arsenic to Electron Transfer in Complex Iv"
"KEGG_MEDICUS_REFERENCE_CA2_CAM_CAMK_SIGNALING_PATHWAY",0.598984771573604,0.776722448364239,0.0822054920415869,-0.282316947812664,-0.90156172415385,19,"Reference Ca2 Cam Camk Signaling Pathway"
"KEGG_MEDICUS_REFERENCE_HGF_MET_RAS_ERK_SIGNALING_PATHWAY",0.602469135802469,0.776722448364239,0.080419996876154,-0.29716176838364,-0.877892809366652,15,"Reference Hgf Met Ras Erk Signaling Pathway"
"KEGG_MEDICUS_REFERENCE_KITLG_KIT_RAS_ERK_SIGNALING_PATHWAY",0.609876543209876,0.776722448364239,0.0797705918628453,-0.296347041903322,-0.875485896382649,15,"Reference Kitlg Kit Ras Erk Signaling Pathway"
"KEGG_MEDICUS_REFERENCE_P4_PR_RAS_ERK_SIGNALING_PATHWAY",0.608768971332209,0.776722448364239,0.0607719451853533,0.319332880064228,0.887078289945557,16,"Reference P4 Pr Ras Erk Signaling Pathway"
"KEGG_MEDICUS_REFERENCE_ACTH_CORTISOL_SIGNALING_PATHWAY",0.645244215938303,0.812182741116751,0.0789209638180035,-0.261827274985665,-0.887837685871904,25,"Reference Acth Cortisol Signaling Pathway"
"KEGG_MEDICUS_REFERENCE_CCR5_GNB_G_PLCB_G_PKC_SIGNALING_PATHWAY",0.65378421900161,0.812182741116751,0.0552495663125249,0.281167526917246,0.856733639111189,22,"Reference Ccr5 Gnb g Plcb g Pkc Signaling Pathway"
"KEGG_MEDICUS_REFERENCE_CCR_CXCR_GNB_G_PI3K_RAC_SIGNALING_PATHWAY",0.656814449917898,0.812182741116751,0.0559428593065705,0.275432315169633,0.871625563266539,27,"Reference Ccr Cxcr Gnb g Pi3k Rac Signaling Pathway"
"KEGG_MEDICUS_REFERENCE_PP2A_AKT_SIGNALING_PATHWAY",0.65989847715736,0.812182741116751,0.0770736734944102,-0.27045675417253,-0.863686928787,19,"Reference Pp2a Akt Signaling Pathway"
"KEGG_MEDICUS_VARIANT_CYP11B1_CYP11B2_FUSION_TO_ACTH_CORTISOL_SIGNALING_PATHWAY",0.649350649350649,0.812182741116751,0.0791316651768349,-0.264223670882958,-0.886703986026418,24,"Variant Cyp11b1 Cyp11b2 Fusion to Acth Cortisol Signaling Pathway"
"KEGG_MEDICUS_VARIANT_MUTATION_ACTIVATED_GNAS_TO_ACTH_CORTISOL_SIGNALING_PATHWAY",0.654545454545455,0.812182741116751,0.0787113806986485,-0.263023499808649,-0.882676351136831,24,"Variant Mutation Activated Gnas to Acth Cortisol Signaling Pathway"
"KEGG_MEDICUS_VARIANT_MUTATION_INACTIVATED_PDE11A_PDE8B_TO_ACTH_CORTISOL_SIGNALING_PATHWAY",0.669154228855721,0.819074028763287,0.0753093764172773,-0.277455266199289,-0.848730891387751,17,"Variant Mutation Inactivated Pde11a Pde8b to Acth Cortisol Signaling Pathway"
"KEGG_MEDICUS_VARIANT_MUTATION_CAUSED_ABERRANT_SOD1_TO_RETROGRADE_AXONAL_TRANSPORT",0.697560975609756,0.849204665959703,0.0526973085708419,0.268073783043103,0.845913965959179,26,"Variant Mutation Caused Aberrant Sod1 to Retrograde Axonal Transport"
"KEGG_MEDICUS_REFERENCE_ELECTRON_TRANSFER_IN_COMPLEX_IV",0.705,0.853621621621622,0.053347785067549,0.291142250492433,0.826272504718015,17,"Reference Electron Transfer in Complex Iv"
"KEGG_MEDICUS_REFERENCE_IGF_IGF1R_RAS_ERK_SIGNALING_PATHWAY",0.713936430317848,0.859794410705366,0.0711327399327894,-0.271076080440429,-0.81563715259504,16,"Reference Igf Igf1r Ras Erk Signaling Pathway"
"KEGG_MEDICUS_VARIANT_MUTATION_CAUSED_ABBERANT_ATXN2_3_TO_MGLUR5_CA2_APOPTOTIC_PATHWAY",0.726666666666667,0.870445632798574,0.0519512476197082,0.285286636423127,0.809654054817585,17,"Variant Mutation Caused Abberant Atxn2 3 to Mglur5 Ca2 Apoptotic Pathway"
"KEGG_MEDICUS_ENV_FACTOR_NNK_NNN_TO_RAS_ERK_SIGNALING_PATHWAY",0.731829573934837,0.870708187457773,0.0711327399327894,-0.260191449360234,-0.81270173700409,18,"Env Factor Nnk Nnn to Ras Erk Signaling Pathway"
"KEGG_MEDICUS_VARIANT_SCRAPIE_CONFORMATION_PRPSC_TO_MGLUR5_CA2_APOPTOTIC_PATHWAY",0.734660033167496,0.870708187457773,0.051218434854034,0.28136295091673,0.809060892587389,18,"Variant Scrapie Conformation Prpsc to Mglur5 Ca2 Apoptotic Pathway"
"KEGG_MEDICUS_REFERENCE_TNF_NFKB_SIGNALING_PATHWAY",0.747048903878583,0.876120180464936,0.051218434854034,0.28237345600502,0.784408302798539,16,"Reference Tnf Nfkb Signaling Pathway"
"KEGG_MEDICUS_VARIANT_EGF_OVEREXPRESSION_TO_RAS_ERK_SIGNALING_PATHWAY",0.74320987654321,0.876120180464936,0.0696133438850965,-0.273693366692493,-0.808561073982078,15,"Variant Egf Overexpression to Ras Erk Signaling Pathway"
"KEGG_MEDICUS_REFERENCE_GLOBAL_GENOME_NER",0.751666666666667,0.876944444444445,0.0503964322442957,0.279837636033021,0.794189589619122,17,"Reference Global Genome Ner"
"KEGG_MEDICUS_PATHOGEN_HCMV_GB_TO_PDGFR_RAS_ERK_SIGNALING_PATHWAY",0.777777777777778,0.878267882622991,0.0673623868166279,-0.26452540110992,-0.781476529744641,15,"Pathogen Hcmv Gb to Pdgfr Ras Erk Signaling Pathway"
"KEGG_MEDICUS_REFERENCE_AREG_EGFR_RAS_ERK_SIGNALING_PATHWAY",0.772839506172839,0.878267882622991,0.0676760401641789,-0.266910417483822,-0.788522485677194,15,"Reference Areg Egfr Ras Erk Signaling Pathway"
"KEGG_MEDICUS_REFERENCE_BMP_SIGNALING_PATHWAY_BMP_ANTAGONIST",0.772839506172839,0.878267882622991,0.0676760401641789,-0.266748272675736,-0.788043467929152,15,"Reference Bmp Signaling Pathway Bmp Antagonist"
"KEGG_MEDICUS_REFERENCE_CA2_PYK2_RAS_ERK_SIGNALING_PATHWAY",0.758793969849246,0.878267882622991,0.0501934252649434,0.288743763178256,0.786881224986442,15,"Reference Ca2 Pyk2 Ras Erk Signaling Pathway"
"KEGG_MEDICUS_REFERENCE_EREG_EGFR_RAS_ERK_SIGNALING_PATHWAY",0.780246913580247,0.878267882622991,0.0672065093710464,-0.26368023815804,-0.778979699542578,15,"Reference Ereg Egfr Ras Erk Signaling Pathway"
"KEGG_MEDICUS_VARIANT_FZD7_OVEREXPRESSION_TO_WNT_SIGNALING_PATHWAY",0.769444444444444,0.878267882622991,0.0738052724171275,-0.224386653677706,-0.823355336673566,35,"Variant Fzd7 Overexpression to Wnt Signaling Pathway"
"KEGG_MEDICUS_VARIANT_MUTATION_CAUSED_ABERRANT_ABETA_TO_ELECTRON_TRANSFER_IN_COMPLEX_IV",0.777777777777778,0.878267882622991,0.0486034247259069,0.271318791062654,0.780178849268067,18,"Variant Mutation Caused Aberrant Abeta to Electron Transfer in Complex Iv"
"KEGG_MEDICUS_REFERENCE_TLR1_2_4_NFKB_SIGNALING_PATHWAY",0.791457286432161,0.88643216080402,0.0673623868166279,-0.23778631947672,-0.773288646028112,20,"Reference Tlr1 2 4 Nfkb Signaling Pathway"
"KEGG_MEDICUS_PATHOGEN_HIV_GP120_TO_TNF_NFKB_SIGNALING_PATHWAY",0.797319932998325,0.888555547222014,0.047925896705813,0.279309933181426,0.761172258591774,15,"Pathogen Hiv Gp120 to Tnf Nfkb Signaling Pathway"
"KEGG_MEDICUS_PATHOGEN_HPV_E5_TO_EGFR_RAS_ERK_SIGNALING_PATHWAY",0.809876543209877,0.895674300254453,0.0653834195468773,-0.256642015305087,-0.758186966793223,15,"Pathogen Hpv E5 to Egfr Ras Erk Signaling Pathway"
"KEGG_MEDICUS_VARIANT_MUTATION_ACTIVATED_GNAS_TO_CRHR_PKA_ACTH_SIGNALING_PATHWAY",0.811704834605598,0.895674300254453,0.0667426134241917,-0.233643681831991,-0.772823276727158,21,"Variant Mutation Activated Gnas to Crhr Pka Acth Signaling Pathway"
"KEGG_MEDICUS_REFERENCE_CD80_CD86_CTLA4_PP2A_SIGNALING_PATHWAY",0.818035426731079,0.898234978371381,0.0449543067640062,0.250348299092164,0.762825677908575,22,"Reference Cd80 Cd86 Ctla4 Pp2a Signaling Pathway"
"KEGG_MEDICUS_REFERENCE_TGFA_EGFR_RAS_ERK_SIGNALING_PATHWAY",0.822222222222222,0.898428184281843,0.0646484568421928,-0.251361554812168,-0.742587119201476,15,"Reference Tgfa Egfr Ras Erk Signaling Pathway"
"KEGG_MEDICUS_REFERENCE_FLT3LG_FLT3_RAS_PI3K_SIGNALING_PATHWAY",0.827160493827161,0.899436653481961,0.0643583367917361,-0.250528839001797,-0.740127061078432,15,"Reference Flt3lg Flt3 Ras Pi3k Signaling Pathway"
"KEGG_MEDICUS_REFERENCE_EGF_EGFR_RAS_ERK_SIGNALING_PATHWAY",0.841075794621027,0.905773932668798,0.0630790410571939,-0.239421518039407,-0.72039216786063,16,"Reference Egf Egfr Ras Erk Signaling Pathway"
"KEGG_MEDICUS_REFERENCE_TLR5_NFKB_SIGNALING_PATHWAY",0.838333333333333,0.905773932668798,0.0454059226590179,0.253004437838694,0.7180359779598,17,"Reference Tlr5 Nfkb Signaling Pathway"
"KEGG_MEDICUS_REFERENCE_EGF_ERBB2_RAS_ERK_SIGNALING_PATHWAY",0.858190709046455,0.911065018134625,0.0621124188949471,-0.232903535791421,-0.700780299219272,16,"Reference Egf Erbb2 Ras Erk Signaling Pathway"
"KEGG_MEDICUS_VARIANT_MUTATION_ACTIVATED_FGFR3_TO_RAS_ERK_SIGNALING_PATHWAY",0.858190709046455,0.911065018134625,0.0621124188949471,-0.233940150000112,-0.703899353693362,16,"Variant Mutation Activated Fgfr3 to Ras Erk Signaling Pathway"
"KEGG_MEDICUS_VARIANT_MUTATION_ACTIVATED_MET_TO_RAS_ERK_SIGNALING_PATHWAY",0.854320987654321,0.911065018134625,0.0628003977812234,-0.240962721859895,-0.711866274039389,15,"Variant Mutation Activated Met to Ras Erk Signaling Pathway"
"KEGG_MEDICUS_VARIANT_MUTATION_ACTIVATED_EGFR_TO_RAS_ERK_SIGNALING_PATHWAY",0.871604938271605,0.920941066853016,0.0618406035753285,-0.235756724396275,-0.696486409517274,15,"Variant Mutation Activated Egfr to Ras Erk Signaling Pathway"
"KEGG_MEDICUS_REFERENCE_FLT3LG_FLT3_RAS_ERK_SIGNALING_PATHWAY",0.882747068676717,0.923996931698993,0.0432768714901103,0.247167717070561,0.673578656192536,15,"Reference Flt3lg Flt3 Ras Erk Signaling Pathway"
"KEGG_MEDICUS_REFERENCE_GHRHR_PKA_GH_SIGNALING_PATHWAY",0.880407124681934,0.923996931698993,0.0628003977812234,-0.219659963300434,-0.726569326730943,21,"Reference Ghrhr Pka Gh Signaling Pathway"
"KEGG_MEDICUS_REFERENCE_ADRB3_UCP1_SIGNALING_PATHWAY",0.902374670184697,0.935795954265611,0.0633597010643758,-0.199511882749828,-0.710004856793407,31,"Reference Adrb3 Ucp1 Signaling Pathway"
"KEGG_MEDICUS_REFERENCE_TSH_TG_SIGNALING_PATHWAY",0.89974293059126,0.935795954265611,0.062249042949858,-0.209377862248865,-0.70998545396776,25,"Reference Tsh Tg Signaling Pathway"
"KEGG_MEDICUS_REFERENCE_WNT_SIGNALING_MODULATION_WNT_INHIBITOR",0.938303341902314,0.959725792630677,0.0602484086158019,-0.193565291025838,-0.656366148480562,25,"Reference Wnt Signaling Modulation Wnt Inhibitor"
"KEGG_MEDICUS_VARIANT_IGF2_OVEREXPRESSION_TO_RAS_ERK_SIGNALING_PATHWAY",0.934673366834171,0.959725792630677,0.0406579344155557,0.227869655664173,0.620987798360058,15,"Variant Igf2 Overexpression to Ras Erk Signaling Pathway"
"KEGG_MEDICUS_VARIANT_MUTATION_INACTIVATED_FGF17_TO_RAS_ERK_SIGNALING_PATHWAY",0.935802469135802,0.959725792630677,0.0584693210386381,-0.215832477584873,-0.637625025352959,15,"Variant Mutation Inactivated Fgf17 to Ras Erk Signaling Pathway"
"KEGG_MEDICUS_ENV_FACTOR_METALS_TO_NFKB_SIGNALING_PATHWAY",0.948073701842546,0.96531140551241,0.0400031517498194,0.218894583173291,0.596529032711818,15,"Env Factor Metals to Nfkb Signaling Pathway"
"KEGG_MEDICUS_VARIANT_AMPLIFIED_FGFR_TO_RAS_ERK_SIGNALING_PATHWAY",0.979899497487437,0.993201300620751,0.0384786917635432,0.191096374383316,0.520773669741154,15,"Variant Amplified Fgfr to Ras Erk Signaling Pathway"
"KEGG_MEDICUS_REFERENCE_AGE_RAGE_SIGNALING_PATHWAY",0.995110024449878,0.998333333333333,0.0551351763385257,-0.155251640632878,-0.467134561986323,16,"Reference Age Rage Signaling Pathway"
"KEGG_MEDICUS_REFERENCE_WNT_SIGNALING_MODULATION_WNT_ACYLATION",0.998333333333333,0.998333333333333,0.0373806494758473,0.149309492581423,0.423745877504078,17,"Reference Wnt Signaling Modulation Wnt Acylation"
"KEGG_MEDICUS_VARIANT_MUTATION_CAUSED_ABERRANT_ABETA_TO_AGE_RAGE_SIGNALING_PATHWAY",0.997512437810945,0.998333333333333,0.055826471778749,-0.145336370645022,-0.444581460277673,17,"Variant Mutation Caused Aberrant Abeta to Age Rage Signaling Pathway"
