"category","subcategory","ID","Description","GeneRatio","BgRatio","RichFactor","FoldEnrichment","zScore","pvalue","p.adjust","qvalue","geneID","Count"
"Cellular Processes","Cell motility","hsa04820","Cytoskeleton in muscle cells","54/858","219/7232",0.246575342465753,2.07835999616822,5.94525794004053,7.33055706610312e-08,2.40442271768182e-05,2.40442271768182e-05,"ITGA7/LAMA1/SYNE1/FBLN1/ANK2/MYL3/SGCB/CAPN3/CSRP1/SGCG/SYNPO2/FLNC/FHL1/MYL7/SPTBN1/DAAM2/AMPD1/TMOD1/SYNE3/LMOD1/COL4A6/DMD/ITGA9/ATP1A2/VIM/MYH11/MYOZ2/PDLIM4/DES/LAMA2/MYH3/MYL9/TLN2/ITGA1/DIAPH2/PDLIM3/MYOM2/ACTG2/TNNT3/ATP1B2/MYOM1/SSPN/FBLN2/SGCA/LDB3/COL4A3/FMNL2/COL6A6/MYOM3/MYH2/ACTC1/MYH1/DCN/TMOD2",54
"Organismal Systems","Endocrine system","hsa04923","Regulation of lipolysis in adipocytes","20/858","49/7232",0.408163265306122,3.44036915465487,6.28836046984797,2.38481656371731e-07,3.91109916449639e-05,3.91109916449639e-05,"PTGS2/PLAAT3/PTGER3/IRS2/ADCY5/FABP4/G0S2/GNAI1/LIPE/PNPLA2/PIK3R1/AQP7/NPR1/MGLL/ADCY4/PDE3B/ADRB2/CIDEC/PLIN1/ADRB1",20
"Environmental Information Processing","Signaling molecules and interaction","hsa04081","Hormone signaling","39/858","152/7232",0.256578947368421,2.16267942583732,5.31498383181531,1.70595675565082e-06,0.000186517938617823,0.000186517938617823,"AVPR1A/PTH1R/SLCO1C1/GHR/ADIPOQ/NOS1/IRS2/MPL/ADRA2A/CRHR2/ADCY5/IGF1/SMAD9/ADRA1A/DRD2/AVPR2/RAPGEF3/ADRA2B/OXTR/GNG7/LEP/GNAI1/THRB/NPR2/PENK/PIK3R1/CALCR/NPR3/GNG2/STAT5A/NPR1/GNG11/LEPR/ADCY4/ADRB2/SSTR1/STAT5B/ESR2/ADRB1",39
"Metabolism","Metabolism of cofactors and vitamins","hsa00830","Retinol metabolism","17/858","44/7232",0.386363636363636,3.25662216571307,5.50830461058731,4.73464258155585e-06,0.00038824069168758,0.00038824069168758,"ADH6/ADH1B/ADH4/RDH5/ALDH1A2/UGT2B28/AOX1/ALDH1A3/ALDH1A1/CYP26B1/RETSAT/CYP1A1/DHRS9/ADH1A/DHRS3/ADH1C/CYP3A4",17
"Organismal Systems","Endocrine system","hsa03320","PPAR signaling pathway","22/858","68/7232",0.323529411764706,2.72699849170437,5.24934868098736,6.19147068185892e-06,0.000406160476729945,0.000406160476729945,"ACSL4/SORBS1/ADIPOQ/ME1/PCK1/CD36/FABP4/PPARA/LPL/HMGCS2/PPARG/PLIN4/ACSL1/SLC27A6/AQP7/ANGPTL4/ACADL/RXRG/PLTP/EHHADH/PLIN1/SCD",22
"Environmental Information Processing","Signaling molecules and interaction","hsa04080","Neuroactive ligand-receptor interaction","52/858","239/7232",0.217573221757322,1.8339038924813,4.80972208258482,7.50056435253889e-06,0.000410030851272126,0.000410030851272126,"S1PR1/NMB/ADM/AVPR1A/NMUR1/PTH1R/PTGER4/GRIN2B/CNR1/PTGER3/CHRNA2/GHR/GLRA3/SCTR/ADRA2A/GRIK1/LPAR6/CRHR2/ADRA1A/GABRA2/DRD2/AVPR2/NPY2R/UTS2B/ADRA2B/OXTR/TACR1/GLP2R/P2RY14/LEP/CALCRL/THRB/HTR2A/PENK/EDNRB/CALCR/EDN1/CTSG/ADCYAP1R1/NR3C1/PTGFR/C3/LEPR/SPX/ADRB2/P2RX6/SSTR1/TAC1/GRIA4/GABRE/EDN3/ADRB1",52
"Cellular Processes","Cellular community - eukaryotes","hsa04510","Focal adhesion","44/858","195/7232",0.225641025641026,1.90190664036818,4.68405417879175,1.45403715997571e-05,0.000639591309483576,0.000639591309483576,"ITGA7/RELN/LAMA1/EGFR/LAMB3/KDR/LAMA4/MYL7/PAK3/CAV1/COL4A6/IGF1/MET/ITGA9/EMP1/VWF/PIP5K1B/VEGFD/MAPK10/LAMA2/PRKCA/PDGFA/MYL9/TNXB/TLN2/MYLK/LAMC2/LAMC3/JUN/ITGA1/LAMA3/EGF/PPP1R12B/PIK3R1/SHC3/PARVA/PDGFRA/PAK5/CAV2/LAMC1/PDGFD/COL4A3/COL6A6/FLT4",44
"Environmental Information Processing","Signaling molecules and interaction","hsa04518","Integrin signaling","36/858","148/7232",0.243243243243243,2.05027405027405,4.73621066938956,1.55997880361848e-05,0.000639591309483576,0.000639591309483576,"ITGA7/RELN/LAMA1/EGFR/LAMB3/FERMT2/KDR/LAMA4/ARHGEF6/COL4A6/IGF1/MET/LIMS2/ITGA9/ICAM2/VWF/VEGFD/LAMA2/PDGFA/TNXB/TLN2/LAMC2/LAMC3/ITGA1/LAMA3/EGF/FREM1/PIK3R1/PARVA/PDGFRA/LAMC1/PDGFD/COL4A3/C3/COL6A6/FLT4",36
"Environmental Information Processing","Signal transduction","hsa04014","Ras signaling pathway","47/858","215/7232",0.218604651162791,1.84259771236515,4.6015120378687,1.80908402312241e-05,0.000659310621760167,0.000659310621760167,"EGFR/KDR/FGF2/RASA4B/PLAAT3/FGF1/PLA2G4A/GRIN2B/RRAS2/NGFR/FOXO4/PAK3/ETS2/RGL1/IGF1/MET/TEK/NTF4/VEGFD/ANGPT1/MAPK10/GNG7/RASA4/PRKCA/PDGFA/MRAS/RASGRF2/PLD1/RASA3/ANGPT4/EGF/PLA2G5/FGF17/KIT/PIK3R1/GNG2/FGF7/SHC3/PDGFRA/PAK5/GNG11/PDGFD/FGF16/FLT4/PLA2G2A/EPHA2/NTRK2",47
"Organismal Systems","Immune system","hsa04610","Complement and coagulation cascades","21/858","69/7232",0.304347826086957,2.56531873923178,4.7931017595964,2.87129332346925e-05,0.000928928032254948,0.000928928032254948,"VSIG4/F8/F3/C4BPA/F10/CFH/VWF/SERPING1/CFD/MASP1/F13A1/PROS1/TFPI/A2M/C6/C7/CR1/MASP2/C3/CFI/THBD",21
"Metabolism","Amino acid metabolism","hsa00350","Tyrosine metabolism","13/858","32/7232",0.40625,3.42424242424242,5.04221759060305,3.35989659076587e-05,0.000928928032254948,0.000928928032254948,"ADH6/HPD/ALDH3A1/ADH1B/ADH4/MAOA/AOX1/DCT/AOC2/TPO/AOC3/ADH1A/ADH1C",13
"Organismal Systems","Sensory system","hsa04740","Olfactory transduction","17/858","50/7232",0.34,2.86582750582751,4.85702778622662,3.39851719117664e-05,0.000928928032254948,0.000928928032254948,"SLC8A3/PDE2A/SLC24A4/GNG7/PDE1B/RGS2/OR51E1/OR2A1/OR52N4/PDE1C/NCALD/GNAL/OR7C1/GRK3/PDE1A/OR2A42/OR2L13",17
"Environmental Information Processing","Signal transduction","hsa04020","Calcium signaling pathway","46/858","220/7232",0.209090909090909,1.76240728968002,4.21322082303569,7.13240116803433e-05,0.00179955967931943,0.00179955967931943,"CASQ2/EGFR/AVPR1A/KDR/FGF2/FGF1/TRDN/GRIN2B/PTGER3/SLC8A3/NOS1/MET/RYR3/ATP2B4/ADRA1A/OXTR/VEGFD/TACR1/NTRK3/PRKCA/PDGFA/HTR2A/PDE1B/MYLK/HRC/EGF/CAMK1/FGF17/EDNRB/CACNA1G/FGF7/PHKG1/PDE1C/PDGFRA/GNAL/PDE1A/PDGFD/PTGFR/ADCY4/FGF16/ADRB2/PLN/P2RX6/FLT4/ADRB1/NTRK2",46
"Metabolism","Lipid metabolism","hsa00071","Fatty acid degradation","14/858","42/7232",0.333333333333333,2.80963480963481,4.31507090845885,0.000211899388401548,0.00496449995683627,0.00496449995683627,"ACSL4/ACADS/ADH6/ACAA2/ALDH2/ADH1B/ADH4/HADH/CYP2U1/ACSL1/ACADL/EHHADH/ADH1A/ADH1C",14
"Environmental Information Processing","Signal transduction","hsa04024","cAMP signaling pathway","39/858","187/7232",0.20855614973262,1.75789985415654,3.85237825828675,0.000263851752981519,0.00574868000998788,0.00574868000998788,"GRIN2B/RRAS2/PTGER3/HCAR2/CRHR2/ADCY5/ATP2B4/ATP1A2/DRD2/ARAP3/PPARA/RAPGEF3/OXTR/MAPK10/PTCH1/MYL9/GNAI1/FXYD2/PLD1/JUN/LIPE/CNGA1/PIK3R1/ATP1B2/EDN1/NPR1/HCAR3/ADCYAP1R1/HHIP/CREB5/ADCY4/PDE3B/ADRB2/PLN/SSTR1/FOS/GRIA4/EDN3/ADRB1",39
"Human Diseases","Infectious disease: parasitic","hsa05144","Malaria","14/858","43/7232",0.325581395348837,2.7442944652247,4.20878347727797,0.00028042341512136,0.00574868000998788,0.00574868000998788,"LRP1/HBB/CCL2/HBA2/MET/ACKR1/CD36/SELE/SELP/IL6/TLR4/PECAM1/CR1/GYPC",14
"Metabolism","Lipid metabolism","hsa00140","Steroid hormone biosynthesis","13/858","39/7232",0.333333333333333,2.80963480963481,4.1572391652906,0.000355108211262627,0.00685149960553774,0.00685149960553774,"CYP11A1/AKR1C1/HSD17B11/AKR1C3/RDH5/UGT2B28/AKR1C2/HSD11B1/STS/CYP1A1/DHRS9/AKR1D1/CYP3A4",13
"Environmental Information Processing","Signaling molecules and interaction","hsa04060","Cytokine-cytokine receptor interaction","45/858","231/7232",0.194805194805195,1.6419943692671,3.6382619566232,0.000461558106457325,0.00821212967660856,0.00821212967660856,"CCL14/EDA/ACVR1C/CX3CL1/CCL24/CCL23/IL17D/BMP6/CX3CR1/CCL2/GHR/NGFR/CXCL12/NODAL/CCL13/TSLP/MPL/BMP3/IL11RA/ACKR4/IL33/CCL16/TNFRSF10D/IL6/ACKR3/IL17B/LEP/TGFBR2/CNTFR/CCL21/CXCR2/IL34/ACVRL1/BMP5/CXCL2/GDF10/CCL28/BMP2/TNFRSF8/CXCL3/EDA2R/LEPR/LIFR/EDAR/MSTN",45
"Environmental Information Processing","Membrane transport","hsa02010","ABC transporters","14/858","45/7232",0.311111111111111,2.62232582232582,4.00504417295017,0.000475702633705984,0.00821212967660856,0.00821212967660856,"ABCG8/ABCB11/ABCA1/ABCA6/ABCB1/ABCG2/ABCA5/ABCB5/ABCD2/ABCC9/ABCA8/ABCA10/ABCC6/ABCA9",14
"Human Diseases","Substance dependence","hsa05032","Morphine addiction","19/858","72/7232",0.263888888888889,2.22429422429422,3.83029596399883,0.000534478500946924,0.00876544741552956,0.00876544741552956,"PDE2A/ADCY5/PDE7B/GABRA2/PDE8B/GNG7/PRKCA/GNAI1/PDE1B/GNG2/PDE1C/PDE11A/GRK5/GRK3/PDE1A/GNG11/ADCY4/PDE3B/GABRE",19
"Environmental Information Processing","Signaling molecules and interaction","hsa04512","ECM-receptor interaction","21/858","84/7232",0.25,2.10722610722611,3.74472977340444,0.000612051317715513,0.00955965867669944,0.00955965867669944,"ITGA7/RELN/LAMA1/LAMB3/SV2B/LAMA4/SV2C/COL4A6/ITGA9/CD36/VWF/LAMA2/TNXB/LAMC2/LAMC3/ITGA1/LAMA3/FREM1/LAMC1/COL4A3/COL6A6",21
"Organismal Systems","Digestive system","hsa04976","Bile secretion","17/858","62/7232",0.274193548387097,2.31115121437702,3.8038715536027,0.000642882365491844,0.00958479163096931,0.00958479163096931,"ABCG8/ABCB11/SLC5A1/ABCB1/ABCG2/SCTR/ADCY5/ATP1A2/SLCO1A2/UGT2B28/FXYD2/ATP1B2/SLC51B/ADCY4/AQP1/AQP4/CYP3A4",17
"Environmental Information Processing","Signal transduction","hsa04151","PI3K-Akt signaling pathway","56/858","315/7232",0.177777777777778,1.4984718984719,3.31874484633469,0.0010713599684796,0.0152785247678829,0.0152785247678829,"ITGA7/RELN/LAMA1/EGFR/LAMB3/NR4A1/KDR/FGF2/FGF1/LAMA4/GHR/NGFR/LPAR6/COL4A6/PCK1/IGF1/MET/TEK/ITGA9/VWF/SGK2/PPP2R1B/NTF4/VEGFD/ANGPT1/IL6/TLR4/GNG7/LAMA2/PRKCA/PDGFA/TNXB/PPP2R2B/LAMC2/LAMC3/ITGA1/ANGPT4/LAMA3/EGF/FGF17/KIT/PIK3R1/SGK1/GNG2/FGF7/PDGFRA/LAMC1/GNG11/PDGFD/COL4A3/CREB5/FGF16/COL6A6/FLT4/EPHA2/NTRK2",56
"Metabolism","Xenobiotics biodegradation and metabolism","hsa00982","Drug metabolism - cytochrome P450","14/858","49/7232",0.285714285714286,2.40825840825841,3.62881021050916,0.00122336998850317,0.0167193898428767,0.0167193898428767,"ADH6/GSTM5/ALDH3A1/ADH1B/ADH4/GSTM2/MAOA/UGT2B28/AOX1/MGST1/FMO2/ADH1A/ADH1C/CYP3A4",14
"Environmental Information Processing","Signaling molecules and interaction","hsa04082","Neuroactive ligand signaling","31/858","150/7232",0.206666666666667,1.74197358197358,3.36893712619575,0.00127792765708118,0.0167664108609051,0.0167664108609051,"GRIN2B/SLC1A7/GLRA3/ADRA2A/GRIK1/ADCY5/ADRA1A/GABRA2/DRD2/ADRA2B/GNG7/TACR1/P2RY14/PRKCA/GNAI1/HTR2A/SLC17A7/PENK/P2RY12/SLC6A2/GNG2/GNAL/GNG11/ADCY4/SLC1A3/ADRB2/P2RX6/TAC1/GRIA4/GABRE/ADRB1",31
"Environmental Information Processing","Signal transduction","hsa04022","cGMP-PKG signaling pathway","30/858","145/7232",0.206896551724138,1.74391126115264,3.31979076795147,0.00149193770973782,0.0188213680305386,0.0188213680305386,"SLC8A3/IRS2/ADRA2A/PDE2A/ADCY5/ATP2B4/ADRA1A/ATP1A2/ADRA2B/KCNMB1/MYL9/GNAI1/NPR2/FXYD2/MYLK/RGS2/CNGA1/TRPC6/EDNRB/ATP1B2/MEF2C/IRAG1/NPR1/CREB5/ADCY4/KCNJ8/PDE3B/ADRB2/PLN/ADRB1",30
"Organismal Systems","Endocrine system","hsa04924","Renin secretion","16/858","62/7232",0.258064516129032,2.17520114294308,3.40945739010475,0.00185492997932997,0.0225339641933418,0.0225339641933418,"PTGER4/ADCY5/GNAI1/PDE1B/EDN1/KCNJ2/PDE1C/NPR1/ADCYAP1R1/PDE1A/PDE3B/ADRB2/AQP1/EDN3/CLCA4/ADRB1",16
"Human Diseases","Cardiovascular disease","hsa05414","Dilated cardiomyopathy","21/858","92/7232",0.228260869565217,1.92398905442384,3.27226471612199,0.0021279056030561,0.0249268942072286,0.0249268942072286,"ITGA7/LAMA1/MYL3/SGCB/SGCG/SLC8A3/NOS1/ADCY5/IGF1/DMD/ITGA9/DES/LAMA2/ITGA1/CACNA2D1/SSPN/SGCA/ADCY4/PLN/ACTC1/ADRB1",21
"Human Diseases","Cancer: overview","hsa05202","Transcriptional misregulation in cancer","33/858","169/7232",0.195266272189349,1.64588074647246,3.11700775538657,0.00244125933862709,0.0276114849334374,0.0276114849334374,"ERG/MITF/BCL6/NGFR/DUSP6/RUNX1T1/TSPAN7/HOXA10/IGF1/MET/CDKN2C/NR4A3/HOXA9/ZBTB16/FOXO1/PER2/CEBPA/ZEB1/IL6/PDGFA/PAX3/TGFBR2/TMPRSS2/PPARG/FLI1/ETV1/MEF2C/LMO2/MPO/RXRG/MAF/ELANE/ETV5",33
"Environmental Information Processing","Signal transduction","hsa04072","Phospholipase D signaling pathway","28/858","137/7232",0.204379562043796,1.7226957956885,3.13311551356407,0.00255143196033659,0.02789565609968,0.02789565609968,"AGPAT2/EGFR/AVPR1A/PLPP3/PLA2G4A/RRAS2/LPAR6/ADCY5/AVPR2/RAPGEF3/PIP5K1B/PRKCA/PDGFA/MRAS/CXCR2/PLD1/EGF/DGKB/KIT/PIK3R1/FCER1A/SHC3/DGKI/PDGFRA/PDGFD/PTGFR/ADCY4/PLPP1",28
"Metabolism","Xenobiotics biodegradation and metabolism","hsa00980","Metabolism of xenobiotics by cytochrome P450","14/858","53/7232",0.264150943396226,2.22650305669174,3.28784540041773,0.00277216156403923,0.0287394743265547,0.0287394743265547,"ADH6/AKR1C1/GSTM5/ALDH3A1/ADH1B/ADH4/GSTM2/UGT2B28/MGST1/HSD11B1/CYP1A1/ADH1A/ADH1C/CYP3A4",14
"Environmental Information Processing","Signal transduction","hsa04015","Rap1 signaling pathway","37/858","197/7232",0.187817258883249,1.5830937252257,3.04422133444283,0.00280385115381021,0.0287394743265547,0.0287394743265547,"EGFR/APBB1IP/ID1/KDR/FGF2/FGF1/PRKD1/GRIN2B/CNR1/NGFR/ADCY5/IGF1/MET/TEK/DRD2/ARAP3/RAPGEF3/VEGFD/ANGPT1/PRKCA/PDGFA/GNAI1/MRAS/TLN2/MAP2K6/ANGPT4/EGF/FGF17/KIT/PIK3R1/FGF7/PDGFRA/PDGFD/ADCY4/FGF16/FLT4/EPHA2",37
"Organismal Systems","Digestive system","hsa04975","Fat digestion and absorption","10/858","32/7232",0.3125,2.63403263403263,3.39864858751225,0.00291844769570524,0.0290076013391309,0.0290076013391309,"ABCG8/AGPAT2/ABCA1/PLPP3/CD36/PLA2G5/DGAT2/APOB/PLPP1/PLA2G2A",10
"Metabolism","Carbohydrate metabolism","hsa00500","Starch and sucrose metabolism","9/858","28/7232",0.321428571428571,2.70929070929071,3.32464202899528,0.00379452242174295,0.0366059810097555,0.0366059810097555,"AMY2B/GYG2/PGM1/PYGL/GBE1/TREH/UGP2/MGAM2/PYGM",9
"Metabolism","Carbohydrate metabolism","hsa00620","Pyruvate metabolism","12/858","44/7232",0.272727272727273,2.29879211697394,3.17028819215791,0.00410449131114499,0.0384649471444445,0.0384649471444445,"ADH6/ALDH2/PC/ADH1B/ME1/ADH4/PCK1/ACACB/LDHD/ACSS2/ADH1A/ADH1C",12
"Metabolism","Lipid metabolism","hsa00561","Glycerolipid metabolism","14/858","56/7232",0.25,2.10722610722611,3.05158808875496,0.00477499299278932,0.0429586557975414,0.0429586557975414,"AGPAT2/PLPP3/ALDH2/GPAT3/GPAM/LPL/LPIN1/PNPLA2/DGKB/DGAT2/DGKI/MGLL/GLYCTK/PLPP1",14
"Environmental Information Processing","Signaling molecules and interaction","hsa04061","Viral protein interaction with cytokine and cytokine receptor","19/858","86/7232",0.22093023255814,1.86219981568819,2.95095400541955,0.00497405924576348,0.0429586557975414,0.0429586557975414,"CCL14/CX3CL1/CCL24/CCL23/CX3CR1/CCL2/CXCL12/CCL13/ACKR4/CCL16/TNFRSF10D/IL6/ACKR3/CCL21/CXCR2/IL34/CXCL2/CCL28/CXCL3",19
"Environmental Information Processing","Signal transduction","hsa04152","AMPK signaling pathway","23/858","111/7232",0.207207207207207,1.74652974652975,2.9078694789103,0.00497691743995907,0.0429586557975414,0.0429586557975414,"PPARGC1A/SLC2A4/ADIPOQ/IRS2/PCK1/IGF1/ACACB/ADRA1A/CD36/PPP2R1B/FOXO1/PFKFB3/CAB39L/PFKFB1/LEP/PPP2R2B/CIDEA/LIPE/PPARG/PIK3R1/CREB5/LEPR/SCD",23
"Environmental Information Processing","Signaling molecules and interaction","hsa04519","Cadherin signaling","58/858","354/7232",0.163841807909605,1.38100694032897,2.69674714200042,0.00592418728469082,0.0498239340866305,0.0498239340866305,"LHFPL6/SCN2B/PCDHGA2/EGFR/DSC1/PCDHGA3/FZD4/AMOTL1/KDR/KRT15/KRT14/PCDH9/RRAS2/FAT4/YAP1/CDH23/DAAM2/KRT17/FZD5/MET/CDH8/CDH12/CDH22/VIM/GABRA2/FAT2/CDH20/PCDHGB7/PCDHGA9/MAPK10/WNT10B/DES/SCN3B/SCN5A/PCDH18/CDH5/TMIE/TMC2/MRAS/TEAD1/CTNNA3/WNT11/PRICKLE2/SCN4B/PCDHGB6/PCDHB15/FZD7/MYO1H/PDGFRA/CDH13/MPDZ/KRT5/AMOTL2/SAV1/TCF7L2/PCDHB4/FLT4/GABRE",58
